"date_value","Homicide","Rape","Robbery/Gun","Robbery/Other","Aggravated Assault/Gun","Aggravated Assault/Other","Burglary/Residential","Burglary/Commercial","Theft of Motor Vehicle Tag","Theft from Person","Theft from Auto","Retail Theft","Theft","Auto Theft","Drug Possession","Drug Sales","DUI","All Other Offenses"
2014-01-02,0,0,0,8,3,14,3,0,0,0,0,13,1,0,3,32,8,44
2014-01-06,0,0,18,0,9,7,5,0,0,0,3,10,1,14,7,52,4,36
2014-01-07,3,29,30,5,6,1,4,0,0,0,3,20,0,4,9,80,7,75
2014-01-08,8,10,0,16,16,3,3,11,0,0,5,10,15,3,12,104,17,46
2014-01-09,19,11,40,16,0,14,10,3,0,0,0,4,7,0,5,85,14,33
2014-01-10,0,11,18,0,8,2,8,0,0,0,10,5,10,0,10,45,5,21
2014-01-13,15,2,0,27,0,9,32,0,6,0,0,2,7,2,12,49,17,54
2014-01-14,0,3,7,8,16,29,5,0,0,0,0,11,6,0,6,80,3,59
2014-01-15,0,0,5,22,15,4,6,3,0,5,0,16,23,2,17,50,7,72
2014-01-16,17,0,10,0,10,18,3,0,0,0,0,11,0,11,5,49,1,37
2014-01-17,3,15,2,7,23,16,10,0,0,0,5,9,3,10,12,35,10,26
2014-01-21,2,29,9,4,0,3,8,0,0,0,0,3,2,2,4,32,11,42
2014-01-23,0,0,27,0,10,18,5,3,0,0,0,2,0,0,6,77,7,52
2014-01-24,0,12,0,7,6,17,5,4,0,0,1,4,5,0,18,51,5,49
2014-01-27,0,7,7,10,44,3,4,4,0,0,2,15,4,3,12,33,11,26
2014-01-28,13,18,20,6,7,8,15,0,0,0,0,9,6,0,7,67,6,65
2014-01-29,0,0,8,3,0,8,9,6,0,0,2,25,2,0,12,71,10,58
2014-01-30,0,0,20,26,9,6,13,0,0,0,0,10,4,0,8,89,5,80
2014-01-31,0,7,5,6,5,5,7,0,0,0,1,6,0,4,13,68,4,58
2014-02-03,3,0,0,0,0,7,10,0,0,0,2,2,5,0,7,27,6,13
2014-02-04,2,10,14,2,0,5,10,0,0,0,0,3,1,0,9,66,4,25
2014-02-05,0,0,0,4,7,15,14,0,0,0,3,19,4,0,4,32,2,55
2014-02-06,20,0,16,4,0,6,4,0,0,0,3,4,0,0,3,68,7,30
2014-02-07,0,3,30,4,18,22,4,5,0,0,2,8,14,2,10,30,7,42
2014-02-10,0,0,12,9,16,19,4,0,0,0,2,9,0,5,9,53,19,9
2014-02-11,0,6,0,10,13,18,24,0,0,0,0,12,8,0,22,62,3,62
2014-02-12,3,0,27,9,11,11,6,0,0,0,0,5,0,0,16,75,2,35
2014-02-14,0,0,0,2,0,0,0,0,0,0,0,0,0,0,0,0,0,0
2014-02-18,0,4,0,0,10,25,1,3,0,0,0,15,0,0,2,47,6,44
2014-02-19,10,0,23,21,17,30,3,7,0,0,0,10,19,0,6,73,1,31
2014-02-20,0,2,0,6,2,8,12,0,0,0,0,4,0,0,19,39,0,29
2014-02-21,0,0,0,15,2,6,9,0,0,2,1,4,4,2,12,38,2,32
2014-02-24,0,0,22,4,9,14,12,4,0,0,3,8,1,0,8,35,16,43
2014-02-25,0,20,22,13,37,14,24,2,0,0,0,12,5,6,7,106,3,39
2014-02-26,0,0,21,0,14,17,4,5,0,0,1,24,4,6,20,35,4,29
2014-02-27,1,0,13,15,0,26,4,4,0,0,0,15,12,2,16,38,17,38
2014-02-28,8,0,8,9,49,15,16,0,0,0,0,9,3,2,19,51,4,30
2014-03-03,0,0,0,0,6,0,0,0,0,0,0,0,0,0,0,0,0,0
2014-03-04,23,10,43,23,11,15,8,0,0,0,0,13,0,0,12,132,17,51
2014-03-05,0,0,15,7,0,13,21,4,0,0,1,18,2,3,10,61,2,40
2014-03-06,0,10,16,9,7,28,17,0,0,0,0,22,2,6,6,73,10,68
2014-03-07,29,0,5,3,8,13,12,0,0,0,0,17,0,0,24,61,3,61
2014-03-10,20,0,5,47,3,17,0,0,0,0,7,11,1,6,9,46,10,51
2014-03-11,0,13,31,18,9,9,34,4,0,0,0,17,3,7,24,86,7,35
2014-03-12,0,0,0,6,4,6,20,0,0,0,3,24,11,7,16,39,5,28
2014-03-13,0,2,13,50,8,11,9,11,0,0,2,6,0,0,4,62,3,46
2014-03-14,17,13,18,0,5,7,5,0,0,0,0,7,0,0,13,51,8,53
2014-03-17,16,7,0,4,9,11,9,3,0,0,9,11,4,0,10,40,7,53
2014-03-18,0,0,40,22,0,8,7,13,0,0,0,15,5,10,10,89,5,29
2014-03-19,8,0,0,0,1,19,23,2,0,0,0,24,5,0,5,94,2,55
2014-03-20,0,0,17,2,5,22,13,0,0,0,0,14,2,7,20,94,7,59
2014-03-21,0,15,0,1,20,2,4,0,0,0,0,4,5,5,15,47,7,83
2014-03-24,5,0,1,5,5,6,3,3,0,0,1,9,5,6,6,36,9,35
2014-03-25,12,5,0,8,3,0,21,9,0,0,5,7,6,10,10,54,9,36
2014-03-26,3,0,17,22,0,5,10,3,0,0,0,13,6,5,12,86,13,34
2014-03-27,5,0,0,26,7,13,11,4,0,0,0,7,4,0,3,65,4,23
2014-03-28,0,4,16,1,5,20,4,2,0,0,0,7,8,0,14,40,2,35
2014-03-31,5,0,11,6,0,7,4,0,0,0,0,17,4,5,3,60,10,24
2014-04-01,0,9,25,0,7,12,20,0,0,2,3,7,4,10,11,106,0,22
2014-04-02,1,0,9,7,11,20,10,0,0,0,8,2,5,12,12,56,3,39
2014-04-03,0,0,0,8,3,5,12,0,0,4,8,12,18,0,4,87,5,43
2014-04-04,3,11,0,8,9,6,12,0,0,0,1,1,8,2,8,42,3,19
2014-04-07,6,0,38,0,12,10,10,0,0,0,0,4,4,3,5,39,22,57
2014-04-08,0,21,15,22,6,9,11,10,0,0,0,14,7,2,12,78,9,61
2014-04-09,0,0,4,11,7,6,1,5,0,0,0,14,6,11,10,43,10,30
2014-04-10,0,0,50,17,11,9,23,0,0,0,0,17,6,0,0,43,2,51
2014-04-11,11,6,29,0,15,22,11,0,0,0,0,11,11,2,5,46,9,60
2014-04-12,0,0,0,0,0,0,0,0,0,0,0,0,0,0,0,1,0,0
2014-04-14,0,0,10,0,13,4,0,0,0,0,0,4,4,7,10,83,19,30
2014-04-15,0,0,10,7,9,30,16,9,0,0,0,8,0,3,10,49,11,62
2014-04-16,0,13,14,9,0,0,16,9,0,0,1,9,0,1,5,78,6,65
2014-04-17,0,8,12,0,9,14,12,0,0,0,7,13,1,13,6,34,8,22
2014-04-19,0,0,0,0,0,0,0,0,0,0,0,0,0,0,1,0,0,0
2014-04-20,0,0,0,0,0,0,0,0,0,0,0,2,0,0,0,0,0,0
2014-04-21,11,0,0,5,8,9,9,0,0,0,7,5,3,0,4,54,9,12
2014-04-22,0,9,5,0,0,30,7,0,0,0,4,13,14,3,6,65,7,43
2014-04-23,0,0,9,5,4,6,31,2,0,0,1,10,2,5,16,32,18,28
2014-04-24,4,2,16,0,13,0,2,4,0,1,6,8,5,2,15,39,28,30
2014-04-25,0,0,21,12,12,29,14,3,0,0,3,1,7,0,9,45,4,51
2014-04-28,0,0,36,2,39,6,6,6,0,0,4,11,0,2,10,42,12,17
2014-04-29,0,0,8,10,0,13,13,1,0,0,5,11,0,0,5,67,9,57
2014-04-30,0,0,23,10,0,6,10,0,0,0,0,4,4,0,6,62,6,28
2014-05-01,16,6,14,12,0,9,12,0,0,0,0,9,0,4,8,59,4,14
2014-05-02,2,17,9,15,0,16,6,0,1,0,0,9,4,2,12,29,3,50
2014-05-05,0,0,6,8,8,8,0,0,0,0,4,7,1,3,6,64,7,19
2014-05-06,0,35,4,6,23,16,7,6,0,0,2,9,4,13,13,94,6,19
2014-05-07,0,0,8,11,10,2,0,7,0,0,0,13,0,1,13,71,0,20
2014-05-08,0,0,8,10,0,11,12,0,0,4,2,15,12,13,1,57,8,46
2014-05-09,0,5,0,11,6,20,0,12,0,0,0,7,7,0,2,58,1,27
2014-05-12,0,0,4,7,19,23,5,0,0,0,1,5,1,3,7,59,17,51
2014-05-13,0,5,0,13,0,6,12,0,0,0,0,4,10,4,4,52,9,48
2014-05-14,0,13,5,5,0,4,23,0,0,0,0,33,9,9,5,55,10,30
2014-05-15,0,0,11,10,0,7,13,4,0,0,0,11,5,0,3,63,10,56
2014-05-16,2,10,42,6,0,26,10,0,0,0,1,1,5,7,9,44,9,59
2014-05-19,0,26,0,3,5,21,3,2,0,0,0,9,1,3,1,30,25,73
2014-05-20,15,0,6,3,16,19,17,0,0,0,2,7,1,3,8,66,9,64
2014-05-21,0,0,15,5,3,9,16,0,0,0,1,16,0,7,8,30,13,48
2014-05-22,0,0,0,4,0,7,0,0,0,0,0,19,6,4,6,50,7,37
2014-05-23,0,0,3,10,4,2,0,6,0,0,3,11,0,0,8,34,4,31
2014-05-27,0,0,0,16,16,12,10,2,0,0,0,10,0,4,11,50,2,31
2014-05-28,6,0,3,10,25,2,15,4,0,0,1,17,6,5,13,62,9,56
2014-05-29,0,0,0,4,34,20,33,5,0,0,0,6,3,0,6,51,4,56
2014-05-30,18,0,22,0,12,15,0,3,0,0,1,8,2,0,7,65,1,36
2014-06-02,6,0,17,12,16,26,5,0,0,0,6,11,5,0,8,34,18,48
2014-06-03,0,8,32,0,10,4,16,0,0,0,0,9,0,4,19,154,12,40
2014-06-04,0,0,5,4,18,5,26,8,0,0,0,9,1,7,15,69,20,35
2014-06-05,8,0,8,5,3,14,5,4,0,5,0,1,6,4,2,34,13,32
2014-06-06,0,0,33,0,6,6,9,5,0,0,1,3,0,4,8,39,11,62
2014-06-09,0,0,22,3,9,11,7,14,0,0,0,6,3,3,3,21,17,44
2014-06-10,0,7,0,0,0,23,15,1,0,0,0,1,5,12,5,94,4,33
2014-06-11,0,0,4,12,0,15,27,3,0,0,6,17,0,10,15,64,1,49
2014-06-12,0,3,11,14,4,19,22,0,0,0,2,15,6,2,16,71,11,52
2014-06-13,2,0,0,1,0,8,2,0,0,0,4,7,16,5,5,48,5,33
2014-06-16,4,22,19,9,7,21,7,0,0,0,2,9,1,7,7,83,16,16
2014-06-17,0,0,0,11,12,13,4,0,0,0,0,18,1,0,9,89,11,60
2014-06-18,0,0,12,2,6,4,7,4,0,0,0,12,6,2,5,58,21,58
2014-06-19,0,0,0,3,7,13,21,0,0,0,2,17,0,4,5,29,13,63
2014-06-20,15,0,1,1,3,14,5,0,0,0,2,2,5,0,10,32,11,58
2014-06-23,3,0,5,8,1,9,2,0,0,0,1,4,0,5,9,45,13,22
2014-06-24,0,10,8,19,12,0,4,5,0,0,0,3,0,0,2,77,3,48
2014-06-25,18,0,0,17,18,22,8,13,0,0,2,10,8,1,5,42,7,48
2014-06-26,0,0,15,11,14,7,0,0,0,0,1,12,0,0,16,41,7,75
2014-06-27,3,0,38,6,5,15,2,0,0,0,0,10,0,7,8,13,3,50
2014-06-30,0,6,10,7,1,5,7,0,0,0,3,13,0,0,4,20,6,29
2014-07-01,30,6,0,7,22,0,16,0,0,0,0,10,3,11,10,82,2,45
2014-07-02,0,7,8,15,5,8,5,0,0,0,0,9,0,7,18,46,0,29
2014-07-03,0,4,10,0,0,5,21,0,0,0,0,0,0,0,4,19,4,10
2014-07-07,7,0,3,0,5,18,0,0,0,0,6,7,0,5,3,43,7,28
2014-07-08,0,0,9,0,31,27,3,0,0,0,0,1,2,0,8,83,14,69
2014-07-09,0,0,1,14,0,5,2,5,0,0,1,0,2,4,5,59,11,40
2014-07-10,0,12,4,20,2,29,0,0,0,0,1,0,3,8,1,51,10,45
2014-07-11,0,0,7,11,5,21,9,3,0,0,3,3,1,12,5,79,2,40
2014-07-14,5,2,5,0,14,8,6,0,0,0,5,6,2,6,14,20,10,34
2014-07-15,0,0,0,9,7,27,10,0,0,0,0,15,1,7,6,90,6,29
2014-07-16,0,0,4,0,0,20,24,0,0,0,0,16,7,8,2,60,8,42
2014-07-17,0,0,10,10,6,19,12,0,0,0,0,16,0,7,4,39,5,62
2014-07-18,0,4,26,16,25,7,0,0,0,0,0,3,1,2,14,37,3,37
2014-07-21,17,0,4,20,15,13,20,0,0,0,0,8,0,3,10,17,27,31
2014-07-22,0,34,8,13,21,26,5,5,0,0,4,1,5,1,12,71,4,69
2014-07-23,12,0,25,9,11,13,3,16,0,0,0,3,0,3,6,37,9,39
2014-07-24,0,10,9,0,3,7,7,0,0,0,0,0,1,0,5,32,6,27
2014-07-25,0,0,11,0,8,1,0,0,0,0,0,7,0,2,2,14,4,19
2014-07-28,6,9,8,6,11,15,4,4,0,0,2,4,4,0,5,36,12,17
2014-07-29,0,6,13,0,13,11,12,0,0,0,0,1,0,0,3,78,8,38
2014-07-30,0,0,10,20,4,7,6,0,0,0,6,14,10,5,20,52,5,57
2014-07-31,0,0,5,7,5,28,13,6,0,0,0,18,0,8,10,62,10,64
2014-08-01,0,0,0,0,8,4,5,1,0,0,1,11,1,0,5,52,2,44
2014-08-04,2,0,15,0,13,12,0,0,0,0,2,14,0,1,3,36,6,28
2014-08-05,14,13,10,5,1,13,6,0,0,0,3,10,9,4,8,59,0,49
2014-08-06,0,5,8,15,0,7,11,6,0,0,0,4,3,0,3,84,1,45
2014-08-07,0,4,18,4,0,19,4,0,0,0,0,8,0,3,13,57,19,47
2014-08-08,0,3,0,6,16,0,1,0,0,0,6,6,2,0,11,39,0,25
2014-08-11,0,6,13,7,0,19,3,8,0,0,1,0,0,0,7,18,11,44
2014-08-12,0,9,13,0,0,8,6,0,0,0,0,19,2,4,9,49,11,29
2014-08-13,10,0,16,8,5,10,21,0,0,0,3,13,5,1,9,35,8,36
2014-08-14,31,0,18,6,9,13,0,0,0,0,0,0,5,0,4,38,1,31
2014-08-15,0,2,8,8,0,5,5,0,0,0,1,2,0,0,8,16,3,61
2014-08-18,0,2,0,4,2,18,3,0,0,3,1,3,3,0,12,67,22,29
2014-08-19,3,13,6,10,39,2,15,15,0,0,0,16,0,5,9,79,10,47
2014-08-20,0,0,3,14,15,9,12,0,0,0,1,13,6,8,17,31,11,42
2014-08-21,0,0,0,2,6,14,13,5,0,0,0,21,0,2,6,41,8,54
2014-08-22,0,10,7,9,6,6,4,0,0,0,1,6,0,2,8,39,4,34
2014-08-25,0,0,18,9,29,10,4,0,0,0,0,1,3,0,6,28,20,27
2014-08-26,9,5,9,9,0,8,4,0,0,0,0,8,3,3,15,67,1,38
2014-08-27,0,0,0,14,5,7,9,4,0,0,0,6,12,2,14,56,1,34
2014-08-28,0,0,16,4,0,10,0,0,0,0,0,14,7,2,6,53,4,36
2014-08-29,0,2,13,0,0,25,0,0,0,2,2,1,0,0,12,15,1,31
2014-09-02,0,0,0,9,0,13,4,5,0,0,4,0,4,0,6,25,9,30
2014-09-03,0,0,19,0,2,5,3,8,0,0,0,14,0,0,19,93,14,18
2014-09-04,0,5,2,6,6,10,12,3,0,0,0,9,0,0,3,77,7,33
2014-09-05,0,0,0,1,11,29,12,10,0,0,0,13,1,0,9,25,1,61
2014-09-08,4,0,20,10,9,13,0,10,0,0,1,8,2,0,4,14,12,28
2014-09-09,0,18,0,1,30,23,24,0,0,0,2,5,0,9,10,49,9,59
2014-09-10,0,0,0,10,16,16,19,0,0,0,1,12,2,3,4,52,14,53
2014-09-11,0,0,11,13,5,11,0,0,0,0,0,6,1,1,9,47,16,50
2014-09-12,0,11,3,10,19,22,8,0,0,0,4,8,1,0,21,39,4,26
2014-09-15,6,0,0,12,0,32,5,7,0,0,2,11,5,0,21,84,10,38
2014-09-16,3,7,4,0,22,12,7,0,0,0,1,1,0,12,17,71,18,45
2014-09-17,0,3,14,3,6,22,1,23,0,0,0,5,10,5,11,41,0,37
2014-09-18,6,11,0,5,0,12,6,2,0,0,0,3,0,0,5,45,1,40
2014-09-19,2,20,10,7,3,25,20,0,0,0,0,1,0,6,12,25,5,61
2014-09-22,0,8,2,3,5,33,0,0,0,0,4,17,3,2,6,38,27,34
2014-09-23,0,0,6,0,0,11,9,9,0,0,0,5,0,15,14,89,7,67
2014-09-24,0,8,15,12,33,4,9,0,0,0,1,17,5,8,8,42,6,72
2014-09-25,20,0,30,7,16,11,5,0,0,0,3,10,0,6,9,82,13,59
2014-09-26,0,0,3,1,0,24,10,15,0,0,2,3,3,5,5,56,4,38
2014-09-29,0,16,11,7,8,5,0,1,0,3,0,4,2,0,4,35,16,32
2014-09-30,0,19,6,7,4,50,20,0,0,0,5,7,12,6,26,74,21,75
2014-10-01,17,9,19,11,2,20,37,6,0,0,2,3,5,6,10,77,10,64
2014-10-02,0,0,8,4,2,15,0,0,0,0,0,19,4,0,7,68,25,36
2014-10-03,2,26,5,0,3,1,0,0,0,0,3,7,5,1,6,45,8,48
2014-10-06,5,0,23,4,8,25,0,4,0,0,1,4,0,2,9,49,12,50
2014-10-07,0,2,0,12,0,14,16,0,0,0,0,30,0,13,4,50,2,38
2014-10-08,19,0,13,4,8,11,15,0,0,0,4,19,13,8,5,75,4,31
2014-10-09,0,10,28,4,0,0,0,0,0,0,0,7,4,3,6,25,5,21
2014-10-10,18,14,6,5,0,25,9,0,0,6,1,5,1,0,4,32,8,38
2014-10-14,0,5,3,17,5,11,6,8,0,0,0,1,1,0,13,66,4,43
2014-10-15,0,0,12,3,7,6,5,0,0,0,1,7,2,3,17,114,2,42
2014-10-16,21,4,12,19,10,8,3,0,0,0,0,6,1,3,4,54,2,54
2014-10-17,10,5,0,3,13,16,0,0,0,0,3,9,0,2,6,32,0,19
2014-10-20,6,7,6,17,10,13,6,0,0,0,7,5,0,3,11,58,25,19
2014-10-21,0,10,0,1,0,5,6,0,0,0,0,13,4,0,6,94,8,63
2014-10-22,0,0,10,3,0,4,16,5,0,0,2,8,0,4,12,65,2,58
2014-10-23,8,18,10,11,13,8,16,0,0,0,4,28,0,5,7,65,3,51
2014-10-24,0,36,32,5,5,5,0,3,0,0,0,8,4,8,13,68,5,52
2014-10-27,0,16,4,7,0,17,0,0,0,0,2,4,2,5,7,42,13,21
2014-10-28,0,9,5,0,0,18,3,6,0,0,13,15,12,9,13,91,4,98
2014-10-29,0,0,29,6,10,11,2,0,0,0,0,12,4,8,10,64,6,40
2014-10-30,0,0,0,10,10,12,5,4,0,0,0,9,0,2,7,28,5,63
2014-10-31,0,14,0,4,3,20,0,2,0,0,0,9,2,1,7,50,12,53
2014-11-03,24,0,5,7,5,12,11,0,0,0,0,8,5,4,2,66,32,39
2014-11-04,0,19,0,8,6,20,19,3,0,0,14,6,9,5,11,60,5,59
2014-11-05,0,0,0,7,8,10,15,3,0,0,1,17,2,4,7,45,5,31
2014-11-06,0,15,19,21,0,7,2,1,0,3,0,11,10,2,6,53,10,31
2014-11-07,0,0,34,23,10,5,0,0,0,0,0,6,7,2,6,45,1,48
2014-11-10,9,0,10,10,0,26,28,0,0,0,3,5,1,0,7,24,13,30
2014-11-12,0,0,20,6,5,39,17,0,0,0,1,3,15,4,9,63,13,56
2014-11-13,0,0,0,2,18,8,4,17,0,0,0,10,0,1,16,65,3,44
2014-11-14,3,0,35,10,5,14,5,0,0,0,2,12,2,0,9,70,6,34
2014-11-17,0,0,4,1,3,14,3,2,0,0,2,2,7,5,8,35,13,28
2014-11-18,0,0,5,38,15,24,19,0,0,0,2,30,6,10,7,69,20,76
2014-11-19,7,0,0,4,5,5,10,0,0,0,0,4,4,2,9,68,8,35
2014-11-20,0,5,0,0,8,9,5,0,0,0,0,9,0,5,8,57,10,40
2014-11-21,8,12,41,1,9,0,6,0,0,0,4,10,7,0,8,53,9,112
2014-11-24,12,0,20,5,33,22,0,0,0,0,0,11,5,0,12,52,9,31
2014-11-25,0,2,5,9,8,27,5,3,0,0,2,12,15,19,10,70,7,29
2014-11-26,0,0,0,4,5,11,0,0,0,0,0,4,0,0,3,50,5,18
2014-11-28,0,0,0,0,0,0,0,0,0,0,0,0,0,0,3,0,0,0
2014-12-01,20,6,0,17,0,12,0,4,0,0,3,2,3,12,4,61,15,40
2014-12-02,0,20,14,14,22,25,10,1,0,0,5,1,0,10,7,38,5,91
2014-12-03,0,0,5,7,7,20,4,6,0,0,0,22,5,3,9,51,4,48
2014-12-04,0,0,0,8,24,17,1,0,0,2,1,5,11,0,9,78,9,29
2014-12-05,11,0,11,5,0,7,12,5,0,0,0,8,3,0,15,37,1,36
2014-12-08,45,11,6,5,8,12,15,0,0,0,0,28,0,7,6,58,7,69
2014-12-09,0,21,0,4,6,8,13,3,0,0,9,6,0,2,5,56,15,34
2014-12-10,2,4,8,4,18,2,10,11,0,0,0,12,0,3,14,94,5,60
2014-12-11,8,16,28,32,8,25,15,17,0,0,1,6,5,6,6,68,1,69
2014-12-12,3,13,20,6,0,17,1,3,0,0,3,4,3,3,20,38,14,47
2014-12-15,10,23,10,0,13,10,13,4,0,0,4,6,0,2,14,20,14,32
2014-12-16,0,18,11,0,0,40,13,5,0,0,8,0,3,5,10,93,19,48
2014-12-17,0,11,23,10,0,5,21,7,0,0,1,18,0,3,9,97,18,73
2014-12-18,0,0,30,22,10,20,25,0,0,0,0,7,0,0,3,88,25,45
2014-12-19,8,0,12,19,5,22,9,0,0,0,3,13,0,9,12,56,3,55
2014-12-22,0,0,19,7,0,16,5,0,0,0,3,4,11,7,7,18,18,35
2014-12-23,0,0,0,4,0,9,10,10,0,0,0,9,4,0,5,69,10,25
2014-12-24,0,0,5,0,0,3,0,0,0,0,0,9,0,2,6,29,6,9
2014-12-29,0,0,6,4,0,3,1,4,0,0,2,3,0,0,5,9,15,16
2014-12-30,0,0,0,4,0,0,0,0,0,0,8,8,0,0,3,39,17,34
2014-12-31,0,0,8,3,0,4,5,0,0,0,0,1,6,0,2,2,2,7
2015-01-05,0,10,0,10,0,0,3,0,0,0,0,2,0,0,8,21,8,34
2015-01-06,0,0,5,12,0,2,11,0,0,0,0,7,0,6,2,59,5,21
2015-01-07,3,0,0,16,15,27,30,10,0,0,0,5,1,10,11,102,2,38
2015-01-08,0,0,6,4,12,14,19,4,0,0,0,10,1,0,1,42,7,45
2015-01-09,6,0,18,19,18,7,6,0,0,0,1,10,5,5,12,42,1,77
2015-01-12,0,0,10,0,0,4,8,5,0,0,9,5,1,5,3,47,11,42
2015-01-13,3,0,8,5,14,19,5,0,0,1,2,9,5,2,14,51,12,32
2015-01-14,11,0,6,0,0,7,0,0,0,0,2,7,2,0,7,39,4,40
2015-01-15,0,5,5,12,7,5,6,0,0,0,0,4,2,0,0,43,8,87
2015-01-16,18,7,53,0,34,1,9,0,0,0,1,1,9,0,13,60,7,36
2015-01-20,0,0,19,12,8,12,8,3,0,0,0,13,0,5,19,53,18,33
2015-01-21,8,18,5,5,11,0,0,5,0,0,1,4,8,0,6,37,5,67
2015-01-22,0,0,16,11,7,10,10,0,0,4,0,20,0,2,4,27,6,51
2015-01-23,10,6,14,4,43,1,13,0,0,0,2,6,2,0,10,48,3,45
2015-01-26,0,0,12,4,15,6,3,0,0,0,1,8,3,10,6,64,13,41
2015-01-27,0,0,0,0,0,0,0,0,0,0,0,0,0,0,0,0,0,4
2015-01-28,0,8,1,0,0,11,4,5,0,0,3,11,6,3,11,51,5,20
2015-01-29,1,16,27,1,0,3,12,4,0,0,0,10,7,10,18,66,18,41
2015-01-30,0,22,17,10,20,18,19,1,0,0,8,11,10,0,10,97,11,51
2015-02-02,0,4,18,2,19,0,14,0,0,0,0,25,3,0,7,40,22,49
2015-02-03,0,0,15,5,6,7,2,0,0,0,0,12,6,7,11,32,10,46
2015-02-04,0,0,20,9,0,8,3,7,0,0,1,29,5,5,14,59,1,47
2015-02-05,0,0,13,6,10,5,5,6,0,0,0,17,2,1,9,60,1,39
2015-02-06,6,15,16,0,10,11,8,0,0,0,5,1,0,0,13,82,6,36
2015-02-09,1,0,9,9,32,6,0,0,0,0,5,2,7,0,11,22,19,45
2015-02-10,0,0,7,0,25,12,6,3,0,0,0,9,3,0,8,83,7,44
2015-02-11,5,4,17,19,0,7,7,3,0,0,0,14,2,0,10,68,4,33
2015-02-12,5,0,0,0,14,4,8,0,0,0,0,5,0,9,2,57,4,42
2015-02-13,11,19,6,5,6,2,3,3,0,0,0,1,6,0,15,29,2,43
2015-02-17,5,10,0,7,9,14,0,0,0,0,2,5,3,0,11,58,4,62
2015-02-18,11,8,13,9,27,13,4,0,0,0,1,17,2,2,14,72,4,26
2015-02-19,0,0,17,20,22,14,4,0,0,0,0,8,15,1,7,70,4,64
2015-02-20,0,34,38,11,22,6,4,6,0,0,0,10,4,2,9,56,1,35
2015-02-23,0,10,13,7,31,15,0,4,0,0,1,9,1,1,8,17,23,30
2015-02-24,0,0,0,12,22,10,3,10,0,0,0,24,2,12,6,121,10,35
2015-02-25,0,5,32,5,0,12,21,0,0,0,7,14,6,2,10,69,9,71
2015-02-26,0,6,10,0,8,2,8,3,0,0,0,3,3,11,0,44,12,50
2015-02-27,0,0,0,10,13,27,10,0,0,0,0,2,9,7,8,36,2,57
2015-03-02,0,10,22,8,25,21,5,6,0,0,1,10,0,0,12,17,13,20
2015-03-03,0,0,16,0,16,22,3,0,0,0,0,13,0,0,7,47,6,47
2015-03-04,0,0,8,14,0,13,7,0,0,0,0,8,4,3,14,60,5,43
2015-03-06,15,23,18,0,12,0,8,4,0,0,2,3,3,0,22,40,3,51
2015-03-09,0,0,9,3,17,8,0,0,0,0,0,2,3,0,7,17,14,43
2015-03-10,0,5,5,15,7,17,17,0,0,0,3,10,0,0,4,45,7,40
2015-03-11,8,0,0,5,2,0,0,1,0,0,4,14,0,8,11,59,8,23
2015-03-12,6,0,0,13,1,7,0,4,0,0,0,12,7,0,10,72,9,63
2015-03-13,0,0,28,10,7,2,0,0,0,0,6,11,1,0,8,29,8,29
2015-03-16,0,3,0,4,7,13,23,3,0,0,9,14,5,3,21,23,13,33
2015-03-17,10,0,8,10,0,28,7,4,0,0,4,26,7,0,13,71,2,56
2015-03-18,18,0,3,12,0,3,3,4,0,0,4,6,1,2,5,81,4,32
2015-03-19,0,0,10,15,0,17,20,0,0,3,0,13,0,0,3,34,4,51
2015-03-20,0,0,3,0,0,15,5,0,0,0,7,8,0,4,13,20,0,26
2015-03-23,0,0,6,2,0,3,0,0,0,0,2,4,5,7,7,49,25,26
2015-03-24,1,7,2,8,13,8,29,0,0,0,0,26,2,0,13,77,3,49
2015-03-25,0,0,0,0,1,8,9,0,0,0,3,13,9,10,3,78,12,35
2015-03-26,14,0,19,18,27,15,9,0,0,0,0,13,7,0,7,63,12,32
2015-03-27,8,0,0,2,21,0,11,4,0,0,2,14,1,0,11,34,1,41
2015-03-30,0,6,46,13,0,15,14,0,0,0,0,16,2,2,11,60,22,24
2015-03-31,0,0,10,5,28,29,9,0,0,0,0,5,1,3,7,62,6,91
2015-04-01,33,8,5,9,6,14,9,0,0,0,6,1,0,6,9,79,3,54
2015-04-02,3,0,10,17,29,3,16,0,0,0,0,12,0,1,6,45,9,41
2015-04-06,11,0,9,12,14,12,0,0,0,0,2,17,3,0,22,43,7,46
2015-04-07,17,0,6,2,12,16,13,0,0,0,2,11,0,5,7,92,10,66
2015-04-08,0,0,2,14,31,6,5,0,0,0,0,10,0,0,20,86,9,53
2015-04-09,0,0,23,21,0,46,14,0,0,0,0,0,4,19,5,63,19,39
2015-04-10,10,0,0,4,16,25,0,0,0,0,3,12,3,2,5,57,8,63
2015-04-13,0,17,20,0,0,11,4,10,0,0,0,10,6,0,11,92,10,45
2015-04-14,0,0,5,3,37,19,0,3,0,0,0,11,0,7,12,70,15,71
2015-04-15,0,0,0,5,18,14,17,4,0,0,6,14,12,4,16,70,5,41
2015-04-16,24,0,44,8,7,8,9,0,0,0,9,10,2,3,13,75,19,33
2015-04-17,5,0,69,2,20,2,5,0,0,0,5,1,10,2,12,40,0,40
2015-04-20,15,5,16,4,3,17,2,7,0,0,1,9,0,9,21,51,10,70
2015-04-21,0,0,0,13,58,4,16,0,0,0,0,14,6,20,10,84,9,39
2015-04-22,0,0,28,3,4,1,7,0,0,0,0,7,4,0,8,57,7,60
2015-04-23,0,5,6,0,6,21,4,5,0,0,1,1,6,0,4,53,7,58
2015-04-24,5,0,26,0,21,15,4,0,0,0,0,6,0,4,14,59,5,61
2015-04-27,31,0,7,12,12,3,6,9,0,0,0,8,7,1,12,47,22,56
2015-04-28,0,0,0,8,4,13,25,5,0,0,0,5,7,0,28,77,6,66
2015-04-29,0,0,5,15,23,18,15,6,0,7,0,11,0,3,18,55,18,60
2015-04-30,0,8,4,10,0,25,26,4,0,0,0,9,14,0,6,78,1,44
2015-05-01,3,0,10,8,0,2,15,0,0,0,5,3,0,0,5,51,1,41
2015-05-04,0,14,0,9,11,20,9,0,0,0,2,6,1,18,26,38,11,33
2015-05-05,13,7,1,10,6,2,4,0,0,0,0,0,0,0,4,36,13,59
2015-05-06,0,2,0,3,7,11,28,0,0,1,4,6,6,4,3,75,2,37
2015-05-07,3,0,3,3,0,10,22,0,0,0,0,3,0,0,15,67,3,38
2015-05-08,0,0,46,0,14,16,0,0,0,0,0,0,6,4,5,23,0,63
2015-05-11,0,11,13,11,19,12,0,0,0,0,3,6,3,2,12,72,16,23
2015-05-12,12,16,4,16,18,7,3,0,0,0,2,12,1,0,7,51,16,38
2015-05-13,0,0,6,20,0,3,6,6,0,0,1,22,9,0,5,50,12,29
2015-05-14,0,5,29,8,8,10,13,0,0,0,6,7,0,9,6,48,8,24
2015-05-15,6,0,18,0,0,10,6,1,0,3,1,9,5,0,4,27,6,56
2015-05-18,0,6,5,10,4,26,0,2,0,0,0,2,5,4,20,56,15,77
2015-05-19,0,5,0,8,4,22,12,0,0,0,1,12,3,11,12,79,5,41
2015-05-20,0,0,4,5,3,0,3,0,0,0,1,22,4,0,9,66,5,93
2015-05-21,0,0,16,7,0,4,17,6,0,0,0,10,0,3,5,74,8,37
2015-05-22,0,6,5,2,10,13,3,0,0,0,2,2,0,1,18,19,2,20
2015-05-26,0,22,0,3,5,1,1,0,0,0,3,4,3,0,15,53,2,35
2015-05-27,33,0,0,9,0,21,8,4,0,0,2,14,5,4,12,77,3,64
2015-05-28,3,0,15,3,14,19,6,11,0,0,0,6,8,0,4,68,16,44
2015-05-29,0,0,27,3,9,0,10,0,0,0,5,1,0,0,9,21,1,23
2015-06-01,0,0,12,0,12,20,0,2,0,0,0,10,3,0,11,44,19,53
2015-06-02,0,14,12,0,10,4,2,5,0,0,0,14,13,6,8,91,13,83
2015-06-03,8,10,8,19,16,13,11,8,0,0,5,8,2,3,16,91,9,39
2015-06-04,0,0,14,6,9,8,14,3,0,0,0,8,0,1,4,42,28,32
2015-06-05,0,0,5,4,0,12,0,0,0,0,0,1,0,0,7,11,4,10
2015-06-08,21,18,8,19,10,18,1,0,0,0,0,9,0,0,7,43,8,25
2015-06-09,0,0,7,8,34,3,10,0,0,0,3,2,0,5,16,62,20,33
2015-06-10,6,0,11,15,20,7,11,0,0,2,1,9,2,6,10,63,3,37
2015-06-11,8,10,8,4,4,2,3,0,0,0,7,9,0,6,3,39,8,25
2015-06-12,8,18,0,0,18,7,10,0,0,0,0,4,3,0,9,29,2,68
2015-06-15,4,21,14,0,9,19,10,0,0,2,0,3,22,0,5,42,23,17
2015-06-16,2,0,11,0,0,14,4,0,0,0,3,19,3,5,16,57,4,55
2015-06-17,0,29,5,4,10,15,10,0,0,0,1,0,2,8,15,47,20,61
2015-06-18,0,0,14,10,5,22,5,0,0,0,0,8,6,0,11,43,24,67
2015-06-19,3,0,5,10,7,2,13,0,0,5,0,1,8,0,9,70,9,37
2015-06-22,15,0,6,4,6,16,5,4,0,0,2,18,7,5,22,90,17,50
2015-06-23,28,0,55,2,5,26,0,0,0,0,1,19,0,0,17,85,8,65
2015-06-24,0,0,2,0,6,6,5,0,0,0,0,30,13,4,13,57,19,58
2015-06-25,0,0,19,5,23,28,10,0,0,0,2,8,0,4,1,151,11,53
2015-06-26,10,6,17,9,12,19,7,0,0,0,1,10,2,1,14,57,10,41
2015-06-29,8,9,27,11,3,14,5,0,0,0,1,15,3,0,24,34,19,55
2015-06-30,0,17,5,8,10,5,29,0,0,0,6,20,1,5,9,78,16,39
2015-07-01,6,22,0,14,0,12,0,12,0,0,0,4,2,0,9,48,9,32
2015-07-02,0,14,4,0,0,8,0,0,0,0,8,0,2,0,7,11,10,37
2015-07-06,1,0,0,9,8,14,2,0,0,0,2,11,0,3,6,11,7,37
2015-07-07,0,0,33,7,33,8,6,0,0,0,0,6,3,7,20,53,7,40
2015-07-08,0,0,12,4,10,9,10,1,0,0,2,14,7,0,19,57,17,45
2015-07-09,4,7,3,4,12,1,3,13,0,0,0,18,0,7,2,87,10,33
2015-07-10,16,23,5,9,1,36,1,0,0,0,2,3,0,5,11,12,3,63
2015-07-13,0,7,8,11,2,30,5,0,0,0,5,20,7,2,7,31,13,47
2015-07-14,0,0,34,0,4,10,10,0,0,0,0,10,3,2,9,83,7,47
2015-07-15,0,0,10,23,2,12,11,0,0,0,0,17,1,4,9,80,1,27
2015-07-16,0,0,23,3,0,20,0,0,0,0,1,9,0,2,3,88,8,42
2015-07-17,0,6,32,12,3,0,3,0,0,0,0,0,6,0,17,44,7,53
2015-07-20,0,3,9,2,0,22,0,6,0,0,5,8,0,5,26,65,9,55
2015-07-21,0,0,11,25,21,2,40,0,0,0,3,23,6,0,11,95,2,71
2015-07-22,0,0,0,9,5,4,31,5,0,0,0,19,1,0,21,89,5,16
2015-07-23,0,0,0,16,20,4,4,0,0,0,0,9,13,0,2,43,15,36
2015-07-24,0,6,9,6,0,7,0,0,0,0,1,9,1,0,6,11,3,12
2015-07-27,10,9,25,5,12,6,20,0,0,0,0,15,1,1,12,53,21,44
2015-07-28,0,0,0,10,13,21,0,0,0,0,0,8,1,0,5,43,17,55
2015-07-29,5,0,19,0,0,0,12,4,0,0,1,12,0,3,5,35,3,32
2015-07-30,0,0,17,8,3,9,8,5,0,0,0,0,7,0,2,49,9,18
2015-07-31,0,7,31,0,0,9,0,6,0,0,1,3,2,3,4,34,12,38
2015-08-03,0,0,25,8,0,10,6,9,0,0,1,9,3,12,12,43,18,24
2015-08-04,0,0,23,13,6,7,0,5,0,0,1,8,3,9,5,79,13,57
2015-08-05,24,0,13,6,0,14,10,5,0,2,0,1,4,4,12,42,6,54
2015-08-06,0,2,7,4,3,26,6,9,0,2,2,6,4,0,7,46,8,50
2015-08-07,6,3,11,10,29,7,14,0,0,0,0,10,0,0,9,38,3,47
2015-08-10,0,0,0,2,27,10,1,0,0,0,0,7,4,0,10,13,7,73
2015-08-11,0,0,5,3,0,12,7,0,0,0,0,6,5,0,21,77,15,36
2015-08-12,0,0,6,0,5,11,8,4,0,0,0,4,6,0,11,59,7,19
2015-08-13,0,14,11,6,15,8,26,13,0,0,1,6,0,4,3,36,5,23
2015-08-14,9,7,6,0,7,0,0,0,0,0,2,4,0,0,10,17,6,19
2015-08-17,20,8,0,2,0,16,2,0,0,0,0,4,4,4,7,24,22,69
2015-08-18,3,0,0,8,13,2,7,0,0,0,0,19,0,0,6,72,6,52
2015-08-19,0,0,0,8,19,20,5,0,0,0,6,25,4,12,2,93,0,38
2015-08-20,10,0,0,21,11,6,27,0,0,0,0,0,5,0,5,63,6,67
2015-08-21,13,17,9,5,10,9,10,0,0,0,1,5,3,9,7,35,11,34
2015-08-24,0,0,12,5,0,9,2,6,0,0,0,4,1,3,9,46,0,56
2015-08-25,0,15,0,4,0,4,20,0,0,0,0,16,0,0,9,52,12,30
2015-08-26,0,0,0,12,0,1,8,8,0,0,1,8,2,8,9,41,6,18
2015-08-27,0,0,15,6,10,10,2,0,0,0,0,22,6,0,14,45,6,48
2015-08-28,0,10,9,0,2,0,0,0,0,2,2,5,0,7,9,37,8,15
2015-08-31,2,0,39,9,14,15,10,0,0,0,0,5,3,1,12,18,20,46
2015-09-01,0,0,0,12,0,0,14,6,0,0,2,4,5,9,9,25,6,28
2015-09-02,0,0,19,15,6,3,3,3,0,0,1,13,5,8,11,55,1,38
2015-09-03,9,0,10,4,0,5,12,0,0,0,0,17,7,11,14,37,11,48
2015-09-04,4,9,11,8,19,2,7,0,0,3,0,14,3,4,13,44,2,41
2015-09-08,0,6,9,3,6,17,4,0,0,4,0,8,2,4,8,37,1,60
2015-09-09,0,0,14,11,23,3,0,0,0,0,3,4,7,1,5,66,5,36
2015-09-10,3,0,13,19,9,3,0,0,0,0,0,9,2,0,8,57,16,31
2015-09-11,0,15,0,0,0,6,5,0,0,0,1,1,3,0,5,30,9,43
2015-09-14,12,12,0,5,12,0,6,6,0,0,1,11,1,6,10,31,9,31
2015-09-15,9,0,0,7,4,11,10,0,0,0,0,1,3,6,11,42,9,49
2015-09-16,0,0,12,6,0,11,11,0,0,0,0,17,11,15,4,105,2,39
2015-09-17,0,2,17,19,6,3,9,4,0,0,0,9,12,7,7,70,8,65
2015-09-18,5,10,29,0,20,20,8,0,0,0,2,1,1,10,8,66,6,40
2015-09-21,0,0,45,4,13,2,13,13,0,0,8,14,0,0,9,49,11,40
2015-09-22,6,7,16,4,0,2,18,0,0,0,1,17,1,9,15,66,10,58
2015-09-29,0,0,0,16,37,6,17,0,0,0,3,13,4,0,9,42,11,32
2015-09-30,0,5,6,38,16,13,7,5,0,0,0,9,10,7,9,47,8,48
2015-10-01,15,6,27,17,14,17,9,3,0,0,2,4,0,16,11,51,20,82
2015-10-02,0,16,15,4,10,30,12,5,0,0,2,7,7,5,16,46,7,50
2015-10-05,4,4,17,0,4,28,4,0,0,3,0,8,4,7,7,43,10,44
2015-10-06,0,0,34,0,11,24,0,0,0,0,6,4,0,0,7,38,13,67
2015-10-07,0,0,5,5,0,11,21,17,0,0,5,2,15,1,6,40,18,47
2015-10-08,15,0,15,9,15,11,2,9,0,0,0,6,0,7,9,56,4,12
2015-10-09,3,14,4,4,9,3,2,0,0,0,0,2,0,3,8,28,0,68
2015-10-13,3,12,13,14,20,17,18,3,0,0,0,6,0,9,8,34,21,54
2015-10-14,0,0,16,22,21,5,13,4,0,0,2,16,2,2,22,70,19,54
2015-10-15,5,6,6,25,6,33,0,5,0,0,0,12,0,3,12,55,9,48
2015-10-16,0,0,0,5,0,5,0,0,0,0,6,11,0,0,15,30,9,12
2015-10-19,0,5,18,11,15,2,0,0,0,0,5,12,26,7,9,63,5,64
2015-10-20,0,2,6,16,12,12,8,0,0,0,0,0,12,2,9,27,14,60
2015-10-21,0,0,11,4,5,14,21,4,0,0,4,10,6,0,9,104,12,63
2015-10-22,0,0,15,0,27,7,14,0,0,0,2,3,5,0,5,48,8,66
2015-10-23,0,0,0,6,0,10,5,0,0,0,1,1,6,0,9,41,5,48
2015-10-26,0,8,31,0,10,5,0,0,0,0,0,11,10,0,14,56,3,64
2015-10-27,0,0,14,0,0,14,0,0,0,0,3,0,0,5,11,42,3,19
2015-10-28,0,0,12,8,3,9,0,0,0,0,6,24,2,8,12,67,5,85
2015-10-29,0,0,12,4,8,13,0,4,0,0,1,11,5,0,1,69,1,38
2015-10-30,0,0,27,8,2,28,2,0,0,0,0,11,4,5,9,76,9,39
2015-11-02,3,7,18,29,21,17,28,0,0,0,1,17,8,7,11,78,6,35
2015-11-03,0,0,5,9,0,25,11,0,0,0,4,16,4,0,6,81,3,40
2015-11-04,0,0,6,8,3,2,19,0,0,0,2,29,11,0,10,87,4,27
2015-11-05,0,0,23,12,4,5,12,0,0,0,10,13,9,5,4,38,0,41
2015-11-06,9,41,7,10,4,15,0,0,0,0,3,9,0,0,8,34,0,37
2015-11-09,0,0,6,1,32,28,0,0,0,0,1,15,7,0,6,90,5,46
2015-11-10,3,14,2,6,0,23,0,3,0,0,3,3,7,5,27,66,21,55
2015-11-12,0,0,7,13,0,11,6,0,0,0,0,10,0,2,4,75,10,22
2015-11-13,17,0,19,0,7,9,2,0,0,0,7,2,0,3,12,24,1,32
2015-11-16,12,9,19,0,11,16,11,3,0,1,7,13,16,3,10,43,12,36
2015-11-17,0,30,12,0,0,7,9,4,0,0,0,18,11,0,9,72,8,54
2015-11-18,4,0,0,26,4,4,14,0,0,0,0,21,8,0,13,64,7,39
2015-11-19,0,12,14,11,0,15,0,5,0,0,0,5,1,9,11,46,4,24
2015-11-20,14,0,17,1,2,15,5,4,0,0,11,2,1,7,15,85,2,40
2015-11-23,0,13,0,10,24,8,6,0,0,0,0,9,1,5,11,41,10,38
2015-11-24,14,8,15,5,12,7,15,0,0,0,5,5,3,4,10,15,5,35
2015-11-25,0,0,6,4,1,5,4,5,0,0,0,9,1,4,9,36,2,22
2015-11-30,8,0,13,16,15,4,1,1,0,0,0,6,2,0,12,63,9,16
2015-12-01,0,0,2,10,6,18,8,7,0,0,2,16,1,7,6,57,8,35
2015-12-02,3,0,0,12,7,15,24,8,0,0,3,9,5,0,9,67,14,86
2015-12-03,25,14,9,13,0,10,20,0,0,0,0,8,14,0,5,72,12,74
2015-12-04,0,9,8,0,16,4,14,0,0,0,3,3,0,0,6,17,3,62
2015-12-07,0,0,56,16,9,21,9,0,0,0,2,9,2,0,4,65,12,30
2015-12-08,0,5,12,7,15,47,16,0,0,0,0,3,0,5,19,61,15,51
2015-12-09,0,0,8,3,0,7,9,0,0,0,0,8,2,15,2,52,8,27
2015-12-10,0,17,1,0,3,8,6,6,0,0,0,5,0,12,9,35,7,57
2015-12-11,0,17,5,5,11,18,20,5,0,0,2,5,0,0,9,29,1,79
2015-12-14,0,0,32,19,16,12,0,0,0,0,3,12,0,8,9,75,10,44
2015-12-15,0,0,0,4,0,32,6,0,0,0,0,8,5,5,16,103,10,69
2015-12-16,0,0,30,23,17,23,22,0,0,0,0,7,8,2,11,80,16,31
2015-12-17,0,0,5,18,4,8,12,0,0,0,0,8,2,0,10,50,16,39
2015-12-18,0,0,7,21,21,24,5,8,0,1,1,9,7,0,16,45,7,59
2015-12-21,0,0,11,0,6,0,13,9,0,0,5,10,4,14,16,39,7,21
2015-12-22,2,0,14,19,9,17,5,6,0,4,2,5,8,6,5,17,1,58
2015-12-23,0,0,6,4,0,8,0,4,0,0,0,9,0,4,9,33,9,12
2015-12-24,0,0,0,0,0,0,6,0,0,0,0,0,4,0,1,9,2,1
2015-12-28,0,0,0,5,0,0,0,0,0,0,4,17,0,0,7,5,5,24
2015-12-29,0,0,0,3,0,9,3,0,0,0,0,12,0,4,5,20,6,22
2015-12-30,0,8,0,0,1,2,16,8,0,0,0,0,0,10,9,16,7,37
2015-12-31,0,0,0,0,0,11,0,4,0,0,0,5,0,0,2,6,0,16
2016-01-04,0,0,11,3,2,5,0,1,0,0,0,4,0,0,6,32,0,23
2016-01-05,6,0,0,13,5,22,9,24,0,0,3,1,0,2,2,50,3,49
2016-01-06,0,0,6,7,2,9,0,0,0,0,8,14,0,2,13,35,11,51
2016-01-07,0,5,7,6,6,18,7,0,0,0,0,16,0,5,8,49,1,35
2016-01-08,5,20,10,6,0,14,0,0,0,0,6,6,0,0,13,30,4,38
2016-01-11,20,3,37,20,22,27,11,0,0,0,9,7,10,0,16,58,0,34
2016-01-12,0,0,4,9,21,11,0,0,0,0,5,5,5,4,14,33,11,45
2016-01-13,0,0,8,7,12,3,8,6,0,0,10,16,13,3,10,39,1,27
2016-01-14,5,0,0,7,10,20,13,0,0,0,0,16,2,4,10,39,6,72
2016-01-15,0,0,27,16,32,68,3,3,0,0,2,6,2,0,7,40,5,39
2016-01-19,14,0,0,12,14,25,10,6,0,0,0,17,8,0,9,48,14,79
2016-01-20,1,0,7,7,15,6,5,0,0,0,2,11,2,9,10,51,15,34
2016-01-21,0,0,7,13,1,10,2,4,0,0,0,14,0,0,10,57,7,33
2016-01-22,2,9,0,6,9,11,0,0,0,0,2,2,3,0,1,49,2,33
2016-01-25,5,14,10,0,17,2,6,2,0,0,0,9,4,0,12,27,6,41
2016-01-26,0,0,18,9,9,28,3,13,0,0,0,14,15,5,6,60,1,15
2016-01-27,0,8,26,13,12,4,5,0,0,0,1,4,7,6,10,57,9,40
2016-01-28,0,6,9,16,19,24,0,5,0,0,0,3,0,0,10,31,2,43
2016-01-29,0,0,26,14,12,24,9,0,0,0,9,5,0,2,10,10,3,27
2016-02-01,0,6,0,7,5,8,3,5,0,0,1,4,3,0,9,32,25,11
2016-02-02,0,21,0,3,8,9,7,9,0,4,0,4,0,10,5,46,4,30
2016-02-03,0,0,13,1,4,8,0,4,0,0,2,12,0,0,12,42,16,39
2016-02-04,0,0,15,17,0,14,20,9,0,0,0,12,0,2,6,39,0,18
2016-02-05,16,7,15,5,24,33,4,3,0,0,0,3,0,1,7,10,0,50
2016-02-08,23,0,1,10,8,25,3,0,0,0,6,10,7,4,5,45,11,57
2016-02-09,0,11,0,8,0,13,0,0,0,5,0,16,2,11,8,39,3,30
2016-02-10,0,0,8,19,10,7,1,0,0,0,0,13,0,0,9,49,2,26
2016-02-11,13,16,16,15,7,12,5,0,0,0,1,18,5,0,3,47,6,27
2016-02-12,25,0,18,2,10,15,0,0,0,0,2,3,0,0,4,41,2,39
2016-02-16,12,0,5,3,4,13,0,0,0,0,0,2,1,0,16,35,7,42
2016-02-17,0,17,42,0,12,0,11,4,0,0,2,2,6,6,8,48,7,24
2016-02-18,0,0,9,10,0,12,0,0,0,0,0,12,2,0,7,66,2,53
2016-02-19,8,0,46,4,12,20,4,0,0,0,4,4,6,1,15,59,5,45
2016-02-22,0,3,11,6,11,34,4,6,5,4,2,8,4,8,13,80,8,54
2016-02-23,0,0,14,23,0,1,8,11,0,0,1,0,6,22,14,78,7,66
2016-02-24,0,15,12,7,0,9,5,3,0,0,0,17,10,4,7,70,2,48
2016-02-25,0,0,0,3,0,7,2,0,0,0,0,6,3,0,5,29,1,22
2016-02-26,0,0,0,9,16,8,4,0,0,0,0,8,3,0,13,28,1,12
2016-02-29,0,18,51,25,9,3,0,3,0,0,0,10,0,5,17,41,22,26
2016-03-01,0,5,16,36,10,10,2,19,0,0,0,7,0,9,14,59,2,52
2016-03-02,0,4,2,2,0,9,9,4,0,0,0,9,8,6,17,43,8,34
2016-03-03,2,0,0,7,16,0,8,5,0,0,1,20,0,9,7,49,3,27
2016-03-04,3,2,16,3,6,25,16,0,0,0,1,6,6,5,8,73,11,73
2016-03-07,0,5,0,23,19,1,5,3,0,0,4,1,3,0,7,38,10,28
2016-03-08,0,0,0,0,19,12,11,0,0,0,1,6,9,4,14,52,6,25
2016-03-09,0,0,10,9,2,8,4,0,0,0,0,1,0,0,11,45,7,21
2016-03-10,0,0,19,9,17,14,4,4,0,0,0,22,6,4,19,36,10,48
2016-03-11,0,0,4,14,13,53,0,4,0,0,1,6,0,0,5,38,6,40
2016-03-14,5,5,14,29,6,6,13,0,0,0,1,11,1,5,4,53,15,31
2016-03-15,2,5,0,5,0,6,10,0,0,0,0,12,1,0,7,80,4,37
2016-03-16,0,0,10,12,2,23,5,0,0,0,0,5,0,0,11,36,4,35
2016-03-17,0,0,2,12,4,2,7,0,0,0,1,12,7,4,10,17,5,27
2016-03-18,22,13,14,0,22,4,8,0,0,0,1,5,2,0,5,49,2,59
2016-03-21,0,0,10,11,11,4,13,0,0,0,0,8,0,0,9,36,13,26
2016-03-22,2,10,0,7,2,15,0,5,0,0,0,1,4,0,7,50,1,27
2016-03-23,0,10,10,4,6,6,4,0,0,0,1,17,0,0,12,35,11,22
2016-03-24,0,0,4,2,27,10,10,0,0,0,0,7,2,0,8,27,8,32
2016-03-28,2,0,6,10,23,18,0,0,0,0,2,9,0,4,11,37,0,31
2016-03-29,0,4,21,5,11,18,1,5,0,0,3,29,0,9,6,50,4,39
2016-03-30,0,5,3,14,0,17,4,0,0,0,0,5,9,0,11,34,4,41
2016-03-31,3,0,4,9,11,9,14,0,0,0,0,6,3,9,1,83,3,56
2016-04-01,9,5,7,9,12,9,5,0,0,0,0,4,1,1,13,93,0,46
2016-04-04,0,0,2,10,7,7,11,0,0,0,0,9,6,0,8,49,8,28
2016-04-05,0,11,16,0,13,18,0,0,0,0,0,2,2,16,14,40,9,21
2016-04-06,0,0,19,4,16,0,8,8,0,0,1,6,0,0,2,23,3,91
2016-04-07,0,0,3,20,9,9,5,7,0,0,0,11,11,0,4,22,5,46
2016-04-08,2,0,21,10,6,17,7,0,0,1,4,8,5,4,3,54,12,93
2016-04-11,29,0,12,18,16,18,0,4,0,0,0,4,4,4,7,38,22,25
2016-04-12,2,30,7,0,46,10,0,5,0,0,3,7,16,5,16,54,5,12
2016-04-13,0,0,5,1,1,14,4,3,0,0,5,9,3,0,7,56,7,37
2016-04-14,11,0,10,0,5,31,9,0,0,0,0,10,0,0,4,65,13,40
2016-04-15,0,0,17,11,30,12,4,0,0,0,1,8,0,0,12,66,8,61
2016-04-18,0,0,11,9,0,5,0,0,0,0,2,25,0,11,6,42,11,38
2016-04-19,0,0,0,12,24,14,8,0,0,0,2,9,0,4,8,42,6,19
2016-04-20,0,0,40,9,2,10,5,0,0,0,0,6,5,9,16,26,7,21
2016-04-21,11,0,0,3,14,6,0,0,0,0,0,7,0,0,5,32,14,18
2016-04-22,0,0,6,8,11,33,3,0,0,0,4,1,0,0,9,48,7,46
2016-04-25,6,10,0,3,6,14,3,0,0,0,0,17,0,0,16,46,10,47
2016-04-26,0,0,10,14,6,11,0,6,0,0,3,0,0,4,7,56,1,26
2016-04-27,0,4,20,6,2,8,4,0,0,0,0,12,5,6,8,66,3,16
2016-04-28,0,4,44,0,0,2,0,0,0,0,1,5,0,4,4,59,10,24
2016-04-29,7,0,8,0,20,23,0,0,0,0,0,0,0,1,9,27,1,59
2016-05-02,14,0,15,15,16,25,7,0,0,0,0,5,1,0,4,47,23,73
2016-05-03,0,0,13,2,13,28,7,0,0,0,0,0,2,8,9,39,10,44
2016-05-04,0,0,23,14,5,2,6,0,0,0,6,13,1,3,6,56,6,52
2016-05-05,0,0,10,13,9,0,4,0,0,0,3,11,11,4,16,37,1,13
2016-05-06,15,21,21,15,0,8,15,0,0,0,0,17,4,4,5,28,5,80
2016-05-09,0,19,27,12,10,0,7,3,0,0,0,4,7,3,8,63,21,48
2016-05-10,0,2,0,29,5,9,14,0,0,0,1,22,3,0,19,37,4,58
2016-05-11,11,0,25,0,7,3,6,0,0,3,0,6,10,0,10,25,8,29
2016-05-12,0,0,0,30,10,6,0,0,0,0,0,5,0,0,1,40,8,31
2016-05-13,3,7,12,0,36,2,2,0,0,0,2,0,0,1,5,58,1,49
2016-05-16,19,3,19,3,30,20,9,0,0,0,0,14,5,3,10,31,17,46
2016-05-17,0,0,2,7,0,14,37,10,0,0,0,0,0,2,6,70,12,42
2016-05-18,0,0,3,10,11,8,10,0,0,0,5,11,0,0,7,37,9,17
2016-05-19,0,0,0,4,5,5,8,0,0,5,0,17,0,15,11,34,8,17
2016-05-20,0,9,7,21,0,6,6,0,0,0,3,12,1,0,2,32,10,49
2016-05-23,2,0,27,0,11,11,6,9,0,0,1,5,3,3,9,36,45,94
2016-05-24,0,3,6,8,12,1,0,2,0,0,1,8,0,16,11,70,10,56
2016-05-25,0,6,8,10,24,12,12,5,0,0,0,0,9,2,9,42,24,29
2016-05-26,1,0,26,17,2,0,4,0,0,0,0,6,5,4,5,32,7,24
2016-05-27,0,0,11,0,5,5,0,5,0,0,0,5,1,0,14,13,0,28
2016-05-31,3,0,15,8,7,10,10,0,0,0,0,6,2,4,10,59,12,24
2016-06-01,0,0,11,5,0,2,4,4,0,0,0,19,5,2,6,69,17,54
2016-06-02,0,11,72,0,3,14,7,0,0,0,2,2,2,1,13,45,10,18
2016-06-03,0,13,12,3,21,13,0,6,0,0,0,0,9,0,11,18,2,58
2016-06-06,6,0,0,7,8,2,7,0,0,0,3,25,5,9,5,55,11,55
2016-06-07,3,21,14,9,5,31,12,0,0,0,0,0,0,2,10,72,7,20
2016-06-08,0,13,16,0,2,0,5,10,0,0,2,4,0,6,11,68,12,28
2016-06-09,17,0,14,8,9,1,4,5,0,0,0,14,0,2,3,40,9,47
2016-06-10,13,0,15,1,17,0,11,4,0,0,2,7,3,7,11,10,3,56
2016-06-13,0,7,6,22,21,11,0,0,0,0,3,11,0,3,9,37,17,57
2016-06-14,5,0,11,22,0,6,7,8,0,0,0,17,4,0,10,42,18,55
2016-06-15,0,6,4,0,13,11,0,0,0,0,0,0,6,0,5,29,12,60
2016-06-16,5,0,11,3,6,7,12,5,0,0,0,4,2,1,10,55,1,26
2016-06-17,0,0,12,12,0,26,4,0,0,0,1,6,5,3,5,27,4,46
2016-06-20,0,11,8,5,10,6,0,0,0,0,3,8,6,0,6,51,21,68
2016-06-21,2,0,0,7,0,7,30,0,0,0,0,3,5,8,8,50,12,58
2016-06-22,0,0,6,11,0,0,0,0,0,0,0,10,2,2,7,52,6,58
2016-06-23,0,5,6,8,0,2,12,9,0,0,0,0,5,0,7,26,4,32
2016-06-24,2,21,17,4,26,27,0,0,0,0,2,2,3,0,7,33,4,20
2016-06-27,2,18,32,8,7,9,0,2,0,0,4,11,14,8,8,60,8,111
2016-06-28,0,0,0,16,3,4,13,16,0,0,0,29,13,0,4,31,5,61
2016-06-29,0,0,31,26,0,5,7,0,0,0,2,8,18,9,12,73,22,26
2016-06-30,0,6,14,14,12,2,9,6,0,0,0,16,7,3,4,54,3,34
2016-07-01,0,0,10,0,0,4,5,6,0,0,0,15,2,0,6,14,5,28
2016-07-05,17,0,16,0,8,9,15,3,0,0,1,9,0,4,9,35,4,19
2016-07-06,0,0,5,13,6,4,4,0,0,0,3,5,0,0,8,45,2,22
2016-07-07,7,0,24,16,7,5,4,4,0,0,0,13,0,3,7,21,1,34
2016-07-08,0,7,23,2,14,15,4,0,0,3,1,4,2,0,6,25,6,18
2016-07-11,2,0,10,0,0,21,9,5,0,0,0,13,3,10,2,49,22,41
2016-07-12,0,6,15,10,30,6,15,0,0,0,0,14,3,0,2,38,12,83
2016-07-13,0,25,10,3,4,15,15,1,0,0,0,10,2,18,14,49,6,8
2016-07-14,13,11,19,6,0,0,10,0,0,0,1,13,3,5,4,42,6,35
2016-07-15,1,20,36,9,14,14,4,0,0,0,1,2,2,0,5,35,9,55
2016-07-18,41,2,15,2,10,14,15,4,0,0,0,5,0,6,8,51,4,78
2016-07-19,5,0,0,4,11,27,9,0,0,0,0,13,2,11,2,66,2,51
2016-07-20,0,0,10,5,5,17,3,3,0,0,2,17,1,8,4,39,1,40
2016-07-21,6,0,0,0,35,8,0,6,0,0,0,5,8,2,10,74,3,67
2016-07-22,5,0,34,4,2,18,4,0,0,0,0,13,5,0,4,28,2,52
2016-07-25,1,0,0,0,0,9,9,0,0,0,0,5,0,0,2,23,23,11
2016-07-26,0,16,0,12,0,12,5,0,0,0,0,2,3,0,3,18,5,34
2016-07-27,0,0,0,0,2,0,0,0,0,0,0,0,0,0,2,1,5,0
2016-07-28,0,0,0,0,0,5,0,0,0,0,0,2,0,0,1,0,10,2
2016-07-29,0,0,0,5,0,1,0,0,0,0,1,3,0,0,6,2,5,10
2016-08-01,7,11,23,17,2,17,5,0,0,0,0,16,7,7,3,72,5,60
2016-08-02,0,19,5,7,5,15,11,0,0,0,0,4,0,2,9,49,7,55
2016-08-03,6,0,5,2,0,11,7,4,0,1,4,13,0,12,15,53,2,52
2016-08-04,0,0,8,4,0,0,0,0,0,0,0,0,4,5,2,13,2,4
2016-08-08,0,0,7,8,9,13,4,0,0,0,5,4,1,0,11,61,19,27
2016-08-09,0,7,0,22,3,23,17,6,0,0,4,3,5,6,6,86,1,48
2016-08-10,6,0,4,0,3,1,4,0,0,0,1,12,3,3,4,65,9,51
2016-08-11,0,6,0,3,2,17,9,0,0,0,0,0,0,0,4,31,2,59
2016-08-12,0,0,4,0,9,4,12,0,0,0,4,5,0,0,5,30,5,14
2016-08-15,15,0,0,1,18,8,0,5,0,0,0,11,6,5,7,36,16,58
2016-08-16,0,17,12,0,6,15,4,5,0,0,0,8,9,9,8,54,4,24
2016-08-17,0,13,11,9,0,19,9,5,0,0,0,0,4,6,8,33,1,56
2016-08-18,0,0,35,3,23,10,23,0,0,0,0,25,7,4,0,22,2,16
2016-08-19,0,13,0,1,0,64,0,0,0,0,4,10,2,0,6,29,7,22
2016-08-22,0,3,15,14,13,27,16,5,0,0,0,18,0,7,2,41,32,65
2016-08-23,0,15,16,6,3,25,15,2,0,0,1,7,0,6,17,31,5,72
2016-08-24,0,0,7,0,0,2,12,2,0,0,3,8,0,0,8,69,10,31
2016-08-25,6,10,8,14,6,5,4,0,0,0,0,2,0,3,8,49,0,48
2016-08-26,0,0,26,4,8,27,0,5,0,0,0,15,1,0,20,20,1,51
2016-08-29,0,0,19,9,19,20,0,4,0,0,0,27,5,13,6,29,6,38
2016-08-30,26,27,5,9,0,7,3,1,0,0,0,14,0,1,3,44,6,20
2016-08-31,0,0,9,0,9,11,11,4,0,0,0,4,5,5,17,25,1,21
2016-09-01,0,0,5,11,3,26,0,0,0,0,0,21,0,1,17,8,2,28
2016-09-02,0,4,0,14,8,2,0,8,0,0,0,1,6,0,9,12,5,23
2016-09-06,0,13,6,4,6,15,7,4,0,0,1,17,0,2,13,58,1,48
2016-09-07,10,0,5,2,6,2,4,3,0,0,0,15,8,5,6,61,1,52
2016-09-08,0,0,10,22,3,19,0,4,0,0,0,27,10,7,5,58,2,57
2016-09-09,1,28,24,8,9,6,0,0,0,0,6,9,0,4,10,46,8,57
2016-09-12,0,26,34,13,0,6,19,3,0,0,1,13,0,5,10,70,19,63
2016-09-13,0,5,3,0,0,27,14,0,0,0,0,2,0,9,13,44,2,76
2016-09-14,0,2,4,0,11,14,9,6,0,0,0,12,5,0,1,72,3,63
2016-09-15,0,11,0,5,1,16,0,0,0,0,0,5,0,0,11,46,3,50
2016-09-16,2,0,0,3,10,3,11,0,0,0,1,4,4,0,13,32,1,33
2016-09-19,22,0,21,2,9,13,7,0,0,0,0,4,10,4,2,17,21,39
2016-09-20,0,4,9,7,11,6,2,3,0,0,2,1,5,6,2,55,1,73
2016-09-21,0,0,26,0,0,0,4,0,0,0,4,13,0,6,11,79,2,24
2016-09-22,0,10,0,0,0,14,0,5,0,5,0,7,0,0,7,31,0,29
2016-09-23,5,0,3,0,0,21,5,0,0,0,1,10,1,3,11,15,4,14
2016-09-26,0,13,31,18,0,0,5,0,0,0,0,4,2,0,17,51,5,35
2016-09-27,0,7,12,2,21,3,8,0,0,0,0,0,0,0,4,63,6,46
2016-09-28,0,0,0,0,34,15,0,0,0,0,2,13,1,0,2,29,3,13
2016-09-29,0,12,1,3,7,0,5,5,0,0,0,8,0,0,6,35,5,25
2016-09-30,3,12,0,6,3,20,9,0,0,0,1,7,3,2,7,29,2,10
2016-10-03,0,2,38,6,0,9,4,0,0,0,1,5,0,6,5,52,15,26
2016-10-04,0,0,9,23,4,8,10,1,0,0,0,2,4,6,12,59,1,67
2016-10-05,0,0,12,0,0,4,1,6,0,0,5,8,1,2,7,58,2,33
2016-10-06,0,0,13,0,8,2,0,0,0,0,2,13,1,6,5,57,0,17
2016-10-07,0,10,19,0,0,6,2,0,0,0,1,2,0,2,10,34,6,62
2016-10-11,0,0,8,10,6,2,0,7,0,6,0,6,9,4,8,39,3,27
2016-10-12,0,0,0,0,15,36,10,0,0,0,2,13,0,4,17,38,4,13
2016-10-13,0,27,6,0,18,11,3,0,0,0,0,4,1,0,8,46,0,49
2016-10-14,2,0,14,6,11,13,0,0,0,0,0,6,6,0,9,36,2,18
2016-10-17,0,0,30,8,11,8,8,0,0,0,0,17,1,6,10,52,23,61
2016-10-18,0,19,5,24,36,27,1,0,0,0,0,9,6,9,8,43,4,48
2016-10-19,0,0,9,12,0,26,0,6,0,0,1,6,8,1,19,61,3,34
2016-10-20,13,0,0,11,19,8,5,3,0,0,0,3,5,3,10,46,3,34
2016-10-21,0,1,18,3,0,13,4,0,0,0,2,1,0,2,12,17,3,51
2016-10-24,28,0,17,1,19,7,17,5,0,0,0,9,9,3,9,82,7,57
2016-10-25,12,12,29,3,0,22,2,0,0,6,0,2,4,0,6,71,6,85
2016-10-26,0,0,10,23,7,4,14,0,0,0,0,26,2,24,7,52,0,36
2016-10-27,3,0,0,9,4,6,0,0,0,0,0,16,0,12,3,64,3,22
2016-10-28,0,20,0,12,3,9,12,0,0,0,2,6,5,11,8,9,8,41
2016-10-31,5,0,6,16,15,6,14,0,0,1,2,1,0,6,10,28,21,47
2016-11-01,6,0,0,5,4,12,2,4,0,0,4,0,0,3,8,28,0,30
2016-11-02,0,0,6,0,0,7,0,0,0,0,0,11,20,4,6,34,1,5
2016-11-03,0,0,0,7,6,4,2,0,0,0,0,2,0,0,2,12,0,16
2016-11-04,0,10,0,4,0,24,13,0,0,0,0,7,1,0,0,47,4,41
2016-11-07,7,11,4,1,17,10,16,0,0,0,0,2,4,7,5,24,9,29
2016-11-08,0,10,0,4,21,0,8,0,0,0,0,5,3,2,6,37,6,53
2016-11-09,16,0,0,13,15,20,9,0,0,0,0,2,11,7,8,60,7,28
2016-11-10,0,13,41,2,0,7,4,2,0,0,0,13,1,0,7,30,4,25
2016-11-14,6,0,23,4,0,1,0,4,0,0,0,17,5,1,10,50,17,55
2016-11-15,0,0,5,6,1,14,2,0,0,0,0,2,0,6,11,61,7,56
2016-11-16,10,0,6,14,23,6,4,1,0,1,0,11,0,8,15,33,18,50
2016-11-17,0,0,6,0,9,17,5,5,0,0,0,9,1,0,2,41,9,56
2016-11-18,0,33,19,20,7,4,1,0,0,0,4,4,5,0,8,55,0,47
2016-11-21,0,0,46,12,0,4,20,5,0,9,0,10,0,0,9,71,12,45
2016-11-22,3,5,24,13,0,18,9,0,0,0,1,5,0,5,12,70,15,37
2016-11-23,3,5,12,8,0,21,2,0,0,0,0,7,9,5,6,13,8,30
2016-11-28,0,0,5,14,3,0,0,0,0,0,0,8,0,10,8,16,4,28
2016-11-29,0,15,18,1,2,21,0,0,0,0,0,1,0,4,3,13,5,57
2016-11-30,0,8,15,7,14,21,3,3,0,0,5,7,0,6,8,47,7,27
2016-12-01,1,10,0,14,5,1,23,0,0,0,2,0,0,3,6,60,10,40
2016-12-02,0,0,0,2,0,3,3,0,0,0,0,2,0,6,15,27,2,47
2016-12-05,0,0,22,10,6,14,0,0,0,0,1,4,1,1,8,52,8,26
2016-12-06,0,27,0,11,0,40,0,0,0,1,1,16,0,0,10,69,11,45
2016-12-07,0,0,13,0,0,28,12,0,0,0,3,10,2,9,3,36,8,17
2016-12-08,0,10,7,0,7,12,5,9,0,0,3,8,2,0,16,92,5,42
2016-12-09,0,0,17,6,30,29,0,0,0,0,1,1,1,6,5,38,3,21
2016-12-12,0,0,16,3,13,4,5,0,0,0,0,6,0,3,12,66,9,51
2016-12-13,9,5,4,8,12,23,22,0,0,0,0,3,0,5,7,49,4,69
2016-12-14,0,0,9,9,16,5,0,0,0,0,4,4,4,5,11,51,3,44
2016-12-15,0,1,10,12,15,2,4,0,0,0,0,16,4,0,6,39,3,47
2016-12-16,0,8,12,6,20,24,3,0,0,0,8,11,4,15,6,58,3,51
2016-12-19,3,0,7,9,4,19,5,11,0,0,0,17,0,8,10,24,8,29
2016-12-20,0,6,0,8,4,0,1,3,0,0,5,8,8,8,9,44,2,61
2016-12-21,0,0,9,7,6,2,4,0,0,0,1,6,2,11,15,38,0,35
2016-12-22,0,4,14,8,5,12,8,4,0,0,0,10,4,7,12,45,2,27
2016-12-23,0,0,0,4,0,18,0,5,0,0,1,3,2,3,6,14,9,11
2016-12-27,0,0,0,24,0,0,0,4,0,0,0,10,7,0,5,35,2,26
2016-12-28,0,0,0,1,0,0,10,9,0,0,5,15,2,0,5,16,4,4
2016-12-29,0,0,0,7,4,0,0,8,0,0,10,1,1,0,3,23,3,14
2016-12-30,0,0,0,0,4,3,1,0,0,0,0,1,1,4,2,2,0,1
2017-01-03,0,0,20,10,0,11,11,2,0,0,1,1,2,3,6,38,1,53
2017-01-04,13,14,7,5,15,22,20,0,0,0,0,14,5,0,8,28,11,31
2017-01-05,0,13,6,6,21,8,3,10,0,0,3,18,6,0,10,36,11,82
2017-01-06,17,17,6,7,16,13,0,0,0,0,11,11,3,0,7,44,0,36
2017-01-09,4,13,15,0,0,12,10,2,0,0,0,7,2,3,5,21,10,28
2017-01-10,11,28,0,6,17,13,0,0,0,0,0,0,2,2,1,47,0,49
2017-01-11,0,7,36,2,8,7,4,0,0,0,9,2,29,6,7,90,5,95
2017-01-12,0,32,0,2,9,7,29,4,0,0,8,0,5,0,6,53,7,49
2017-01-13,2,30,29,6,22,32,0,0,0,0,5,3,2,0,13,14,0,58
2017-01-17,20,0,0,4,4,14,0,0,0,0,1,9,14,2,19,22,4,41
2017-01-18,0,0,45,5,9,11,15,0,0,0,2,20,0,8,16,18,1,34
2017-01-19,10,0,12,6,0,9,3,3,0,0,0,9,0,3,13,75,8,55
2017-01-20,0,0,0,0,11,33,11,0,0,0,2,0,9,0,6,61,0,26
2017-01-23,0,0,15,19,11,19,6,0,0,0,0,7,20,4,10,23,8,45
2017-01-24,0,21,0,4,0,31,4,0,0,0,0,3,0,4,3,62,5,30
2017-01-25,0,0,0,0,0,10,5,0,0,0,4,4,4,0,1,32,2,37
2017-01-26,9,2,0,3,2,20,0,0,0,0,0,3,1,9,1,35,0,23
2017-01-27,4,0,12,0,23,35,6,0,0,0,2,11,2,2,10,38,3,11
2017-01-30,12,21,22,17,10,7,1,10,0,0,7,3,0,4,8,32,14,43
2017-01-31,0,0,0,3,1,8,0,0,0,3,2,6,0,0,7,28,0,15
2017-02-01,0,0,28,9,4,1,17,3,0,0,2,5,4,0,6,34,7,40
2017-02-02,0,0,17,9,22,10,9,4,0,0,0,2,0,1,4,42,5,51
2017-02-03,10,0,45,0,10,13,0,0,0,0,0,13,3,0,18,23,1,54
2017-02-06,0,0,3,13,18,25,6,4,0,0,5,9,7,3,13,20,34,24
2017-02-07,0,9,9,14,0,10,17,0,0,0,0,9,1,0,1,55,2,47
2017-02-08,5,0,11,17,15,0,0,11,0,0,5,3,5,0,13,49,1,7
2017-02-10,0,0,8,10,20,21,8,0,0,0,0,8,2,5,12,35,0,17
2017-02-13,17,22,19,1,5,11,1,0,0,0,2,0,0,9,16,42,22,51
2017-02-14,2,0,28,9,18,1,5,6,0,0,7,7,0,1,6,34,3,32
2017-02-15,0,0,0,0,0,0,18,11,0,0,0,7,4,4,18,53,7,61
2017-02-16,0,0,10,18,0,16,1,0,0,0,2,7,3,0,3,28,3,38
2017-02-17,14,34,16,0,4,19,4,5,0,0,0,13,1,0,4,32,7,49
2017-02-21,0,0,8,5,16,23,1,0,0,0,3,15,0,8,10,73,12,65
2017-02-22,0,0,5,0,8,0,9,0,0,0,0,2,4,5,5,50,5,59
2017-02-23,0,0,0,9,0,3,6,4,0,0,0,11,0,5,1,37,10,18
2017-02-24,0,0,0,0,3,0,8,7,0,0,0,1,0,0,3,7,4,22
2017-02-27,9,4,11,8,13,4,12,0,0,0,5,15,0,3,9,52,9,55
2017-02-28,8,12,7,5,4,15,8,0,0,0,0,7,5,0,21,75,1,79
2017-03-01,0,0,0,5,16,2,4,0,0,0,0,9,9,16,8,60,8,44
2017-03-02,0,12,0,2,18,17,5,8,0,0,0,14,0,0,3,65,0,14
2017-03-03,0,16,21,19,10,7,3,0,0,0,2,6,1,0,5,12,1,27
2017-03-06,2,16,26,5,14,21,0,0,0,0,6,10,0,10,13,45,7,42
2017-03-07,0,0,8,9,4,10,3,4,0,0,0,18,2,0,6,30,5,31
2017-03-08,0,0,11,1,29,7,0,4,0,0,0,1,17,2,11,65,4,40
2017-03-09,14,8,0,12,13,4,4,4,0,0,5,6,3,0,6,33,3,29
2017-03-10,0,0,5,0,10,10,3,0,0,0,0,2,7,0,11,34,4,49
2017-03-13,3,0,6,14,7,14,5,11,0,0,0,1,1,3,13,20,2,16
2017-03-15,0,0,0,12,5,0,0,0,0,0,0,7,0,0,7,45,6,8
2017-03-16,0,0,0,0,0,18,0,0,0,0,1,8,0,1,2,19,0,25
2017-03-17,3,0,9,0,0,13,1,0,0,0,1,3,2,4,4,25,3,17
2017-03-20,0,21,33,0,16,29,0,1,0,0,7,7,0,9,14,44,14,51
2017-03-21,3,12,5,5,23,5,18,0,0,0,1,13,9,3,9,63,2,32
2017-03-22,0,0,0,6,23,0,32,5,0,0,1,15,0,1,12,30,6,37
2017-03-23,0,0,0,5,0,14,4,3,0,0,0,7,1,3,10,58,2,44
2017-03-24,0,13,4,2,0,18,3,0,0,0,0,0,1,6,6,28,5,39
2017-03-27,0,22,8,5,29,5,8,7,0,0,1,4,9,2,12,37,4,48
2017-03-28,0,0,0,7,16,24,0,0,0,0,0,14,9,4,7,48,4,43
2017-03-29,7,0,16,13,3,40,13,0,0,0,9,17,0,4,10,65,10,32
2017-03-30,2,13,23,18,4,6,0,0,0,0,0,11,4,2,3,50,7,55
2017-03-31,0,0,22,0,3,29,2,0,0,0,0,0,0,0,6,18,10,36
2017-04-03,0,0,16,25,14,12,16,0,0,4,0,8,7,0,10,29,8,51
2017-04-04,2,0,21,7,21,2,2,0,0,0,0,0,0,1,7,35,3,29
2017-04-05,0,0,27,15,0,14,19,1,0,0,0,2,3,2,1,10,2,38
2017-04-06,3,0,0,4,3,8,15,0,0,4,0,7,2,0,1,21,2,7
2017-04-07,0,6,6,8,22,11,5,4,0,0,1,2,1,1,4,31,11,28
2017-04-10,0,0,11,2,10,5,9,0,0,0,1,12,0,8,7,60,12,17
2017-04-11,0,6,0,4,16,4,3,0,0,0,0,8,0,0,7,58,2,71
2017-04-12,0,0,0,4,5,8,3,0,0,0,0,7,0,13,6,51,2,18
2017-04-13,12,0,24,8,10,12,0,0,0,0,0,3,0,3,5,32,7,42
2017-04-17,0,4,31,6,15,11,7,0,0,0,1,1,13,0,6,17,1,37
2017-04-18,0,0,19,11,0,13,10,6,0,0,1,0,2,0,9,40,4,41
2017-04-19,0,4,0,0,0,10,0,0,0,1,1,14,6,5,3,54,2,20
2017-04-20,15,0,14,21,1,6,8,9,0,0,0,12,0,0,7,60,2,21
2017-04-21,0,18,0,8,2,17,10,0,0,0,1,3,0,0,7,13,4,11
2017-04-24,14,0,24,19,13,11,11,0,0,0,1,6,13,6,9,48,13,45
2017-04-25,0,0,0,0,15,12,5,0,0,0,0,4,0,0,11,53,3,16
2017-04-26,21,0,13,11,0,8,6,0,0,0,0,14,2,2,7,36,10,33
2017-04-27,0,11,0,0,12,6,2,0,0,0,0,4,4,0,1,46,14,20
2017-04-28,3,10,16,0,21,13,0,0,0,0,0,0,2,2,5,33,4,57
2017-05-01,5,0,26,0,12,22,6,8,0,0,1,5,1,0,6,49,16,41
2017-05-02,0,0,5,0,8,17,4,0,0,0,2,9,2,2,14,35,8,53
2017-05-03,0,0,45,34,12,8,5,0,0,0,0,1,0,0,5,36,0,15
2017-05-04,0,0,28,15,0,8,8,0,0,0,0,8,0,19,6,31,4,63
2017-05-05,0,21,15,0,0,41,12,4,0,0,5,4,5,6,4,15,0,6
2017-05-08,2,0,46,0,30,10,11,0,0,0,1,5,3,3,8,12,5,49
2017-05-09,0,16,12,0,10,8,5,0,0,0,5,3,7,7,4,73,1,59
2017-05-10,22,0,0,16,0,11,0,1,0,4,1,3,2,0,6,46,7,57
2017-05-11,0,0,17,8,3,11,4,0,0,0,0,15,0,4,3,22,9,61
2017-05-12,0,16,10,6,3,10,0,0,0,0,5,3,4,0,7,34,0,25
2017-05-15,0,0,36,10,6,0,0,0,0,0,4,6,4,8,7,15,11,37
2017-05-16,10,0,8,13,5,12,12,9,0,0,6,1,5,4,2,57,4,42
2017-05-17,7,6,9,7,0,0,11,0,0,0,0,13,15,0,14,53,4,46
2017-05-18,0,0,0,11,8,5,10,5,0,0,4,11,0,4,0,36,2,82
2017-05-19,5,8,12,1,22,19,0,0,0,0,0,11,1,0,6,6,7,30
2017-05-22,4,0,16,10,6,24,3,0,0,0,0,9,9,0,9,19,15,34
2017-05-23,2,6,21,14,5,31,22,5,0,0,2,15,1,0,7,81,2,57
2017-05-24,0,0,10,10,13,16,7,0,0,0,16,19,0,0,12,26,4,79
2017-05-25,0,0,8,11,12,4,23,0,0,0,0,13,1,3,7,39,4,45
2017-05-26,0,2,17,11,3,1,6,0,0,0,1,0,0,0,5,7,0,10
2017-05-30,0,0,13,3,0,6,21,0,0,0,3,9,1,0,5,38,12,49
2017-05-31,0,0,7,0,7,2,5,0,0,0,0,23,6,4,19,54,2,52
2017-06-01,0,0,27,6,0,12,8,0,0,2,0,23,0,2,10,50,13,45
2017-06-02,0,0,0,3,5,6,0,0,0,0,0,1,3,0,8,28,1,22
2017-06-05,7,0,22,3,12,15,0,6,0,0,2,1,6,4,3,40,13,49
2017-06-06,0,0,4,0,5,13,6,4,0,0,0,13,9,0,8,33,8,31
2017-06-07,2,0,18,12,16,14,10,7,0,0,0,7,1,4,7,56,0,23
2017-06-08,8,4,15,4,11,8,0,3,0,0,0,5,0,5,5,40,9,23
2017-06-09,2,27,0,7,29,22,7,0,0,0,1,6,3,0,24,22,8,20
2017-06-12,6,0,17,0,27,5,10,0,0,0,1,1,13,4,12,33,8,34
2017-06-13,9,0,25,0,29,17,0,5,0,0,0,10,0,0,14,82,1,54
2017-06-14,0,14,0,18,1,14,2,0,0,2,0,1,1,0,7,63,11,34
2017-06-15,0,10,30,20,0,4,2,4,0,0,0,10,4,0,7,88,3,29
2017-06-16,0,9,0,15,6,30,5,0,0,0,0,5,2,6,7,39,0,37
2017-06-19,2,0,20,0,0,1,6,1,0,0,1,7,0,0,7,45,7,33
2017-06-20,11,4,19,6,0,18,4,0,0,0,0,0,2,2,14,87,9,24
2017-06-21,0,0,7,3,6,18,9,5,0,1,1,11,7,0,3,55,5,19
2017-06-22,0,16,31,0,9,17,0,4,0,0,0,15,5,4,6,79,2,29
2017-06-23,0,44,5,1,25,7,0,0,0,0,1,1,0,0,8,22,0,13
2017-06-26,0,13,25,9,11,22,5,2,0,0,0,4,0,4,13,36,9,47
2017-06-27,10,18,27,6,13,6,0,0,0,0,11,7,4,1,5,27,10,30
2017-06-28,0,0,43,10,0,0,18,5,0,0,0,1,14,0,11,57,13,13
2017-06-29,9,0,25,8,6,12,7,0,0,0,0,0,0,0,10,101,6,32
2017-06-30,0,5,3,16,8,12,9,0,0,0,0,4,0,0,5,12,5,33
2017-07-03,0,0,0,0,0,0,1,0,0,0,1,1,0,0,7,7,3,2
2017-07-05,0,0,0,11,0,6,1,0,0,0,0,6,1,4,12,17,4,26
2017-07-06,5,0,0,2,15,9,2,0,0,0,0,6,0,0,6,29,8,65
2017-07-07,5,10,0,23,5,12,0,0,0,0,0,0,1,0,3,14,0,38
2017-07-10,13,2,20,15,0,12,8,0,0,0,0,8,0,3,3,16,3,6
2017-07-11,3,0,6,13,19,2,12,0,0,0,0,12,1,0,10,57,7,37
2017-07-12,2,0,12,6,5,6,8,9,0,0,1,8,5,1,22,35,4,24
2017-07-13,0,0,7,0,23,1,6,0,0,0,0,19,3,4,6,70,5,21
2017-07-14,0,48,18,8,10,3,4,2,0,0,6,2,6,2,6,14,4,26
2017-07-17,8,22,21,5,16,27,13,1,0,0,0,7,0,12,11,40,0,48
2017-07-18,0,0,18,13,0,9,4,0,0,0,4,7,6,0,12,48,4,17
2017-07-19,0,0,0,0,6,2,16,0,0,0,1,3,1,0,14,60,1,31
2017-07-20,0,12,7,14,24,6,10,8,0,0,2,16,9,2,13,22,5,35
2017-07-21,0,12,5,3,15,4,14,6,0,0,0,5,8,0,8,26,6,25
2017-07-24,0,18,6,8,18,10,1,0,0,0,0,6,4,2,10,20,0,43
2017-07-25,10,0,9,4,17,17,5,0,0,0,0,9,6,10,19,47,2,90
2017-07-26,0,5,0,0,0,3,6,0,0,0,0,8,0,1,7,25,1,4
2017-07-27,0,0,0,5,0,4,0,0,0,0,0,0,0,0,0,10,0,7
2017-07-28,0,0,0,2,0,3,0,0,0,0,2,0,4,0,9,2,1,2
2017-07-31,0,0,5,0,4,5,19,4,0,0,0,11,2,1,10,22,0,30
2017-08-01,0,20,0,8,0,1,9,0,0,0,1,17,5,15,12,47,1,41
2017-08-02,4,0,10,10,6,9,0,8,0,0,0,7,0,0,10,18,8,14
2017-08-03,0,0,23,13,1,23,7,0,0,7,0,10,3,15,1,26,7,43
2017-08-04,0,0,0,0,15,0,0,0,0,0,0,6,1,0,6,27,0,40
2017-08-07,0,0,16,1,15,10,3,0,0,0,1,4,0,3,1,44,22,27
2017-08-08,0,0,8,13,0,17,5,0,0,0,0,6,8,0,8,41,5,33
2017-08-09,0,0,0,6,0,11,1,0,0,0,0,9,1,5,7,46,0,36
2017-08-10,3,10,10,3,4,12,6,7,0,0,2,3,6,0,4,49,6,48
2017-08-11,0,17,11,3,3,12,0,0,0,0,1,4,0,5,5,20,0,66
2017-08-14,3,0,16,7,12,24,9,0,0,0,1,13,1,5,5,28,2,52
2017-08-15,0,13,0,16,7,14,14,0,0,0,1,13,0,0,12,25,5,34
2017-08-16,0,0,6,5,8,6,2,0,0,4,2,8,6,0,7,24,5,44
2017-08-17,0,0,5,3,0,8,22,5,0,0,5,6,2,0,8,30,5,25
2017-08-18,0,11,3,14,9,24,0,0,0,0,2,1,5,6,9,14,1,30
2017-08-21,0,0,28,0,5,20,14,0,0,0,4,9,10,0,0,17,14,45
2017-08-22,0,22,0,10,0,19,3,0,0,0,0,5,0,2,4,74,1,46
2017-08-23,2,0,5,0,0,2,4,0,0,0,0,4,5,2,3,38,6,23
2017-08-24,0,2,7,16,9,10,8,0,0,0,0,17,0,3,6,78,3,26
2017-08-25,10,0,14,0,0,2,4,0,0,0,0,5,0,0,6,10,2,39
2017-08-28,0,16,26,0,20,21,0,0,0,0,0,7,0,15,7,25,6,43
2017-08-29,0,0,6,0,3,5,4,0,0,0,0,0,2,5,9,79,3,60
2017-08-30,0,13,0,6,6,7,0,0,0,0,5,8,2,7,6,67,3,44
2017-08-31,0,0,22,7,5,11,16,8,0,0,0,7,8,2,4,33,2,36
2017-09-01,0,6,0,0,6,2,14,0,0,0,0,1,0,1,10,3,1,15
2017-09-05,0,22,5,0,2,19,8,0,0,0,2,1,0,7,10,54,1,23
2017-09-06,0,0,3,11,5,12,7,0,0,0,0,21,7,8,8,67,5,19
2017-09-07,6,0,0,0,9,13,5,1,0,0,2,4,4,0,7,42,11,20
2017-09-08,0,13,4,1,38,4,6,0,0,0,1,1,1,4,4,14,6,19
2017-09-11,12,47,6,7,9,20,4,4,0,0,1,2,1,4,9,16,8,39
2017-09-12,0,0,0,3,0,16,6,4,0,0,0,8,5,4,11,39,11,80
2017-09-13,0,0,0,0,7,2,0,0,0,0,0,5,4,1,11,48,10,14
2017-09-14,0,0,3,0,3,0,0,0,0,0,2,4,0,2,9,36,6,37
2017-09-15,0,25,7,14,10,14,5,0,0,0,0,5,8,3,3,40,3,25
2017-09-18,0,13,0,22,30,36,13,0,0,0,1,3,0,0,4,38,4,24
2017-09-19,13,10,9,20,16,1,0,4,0,0,5,2,9,3,6,67,5,35
2017-09-20,6,0,0,7,1,7,15,0,0,0,0,4,2,6,5,52,4,45
2017-09-21,0,0,18,21,0,17,10,0,0,0,0,18,0,6,4,31,6,33
2017-09-22,17,12,6,8,18,4,1,0,0,0,2,3,1,8,6,24,10,44
2017-09-25,0,0,0,11,14,10,0,0,0,0,0,4,0,13,11,41,6,36
2017-09-26,2,0,8,21,0,9,6,10,0,0,2,2,3,0,7,32,0,33
2017-09-27,7,0,35,0,5,8,8,0,0,0,0,5,2,7,10,54,3,12
2017-09-28,2,0,9,5,0,4,0,0,0,0,1,7,0,10,0,36,3,41
2017-09-29,0,3,19,14,33,6,0,0,0,0,0,0,9,0,4,43,0,31
2017-10-02,0,7,27,11,10,4,13,5,0,0,2,3,3,4,2,18,9,19
2017-10-03,2,0,9,0,13,10,17,0,0,0,0,2,4,6,7,40,4,24
2017-10-04,0,0,10,4,11,3,0,0,0,0,0,0,0,0,14,21,7,20
2017-10-05,2,0,0,0,21,5,0,12,0,0,0,5,3,5,4,17,3,28
2017-10-06,0,5,0,0,39,3,0,9,0,0,1,1,1,0,3,11,0,6
2017-10-10,0,0,25,0,23,3,0,0,0,0,0,5,0,0,6,54,8,39
2017-10-11,3,4,3,5,0,10,4,0,0,0,0,4,0,4,7,48,7,41
2017-10-12,18,4,21,0,0,10,10,4,0,0,0,19,8,0,1,29,1,31
2017-10-13,0,7,0,1,11,8,0,0,0,0,1,3,0,0,3,7,1,16
2017-10-16,7,2,28,12,38,12,15,9,0,0,1,18,8,4,21,45,1,38
2017-10-17,6,32,3,6,25,8,8,0,0,0,1,5,3,2,12,55,8,19
2017-10-18,2,3,7,5,19,22,16,0,0,0,0,7,0,7,10,47,1,25
2017-10-19,0,3,10,9,2,17,8,3,0,0,1,17,0,0,1,54,7,55
2017-10-20,0,11,11,31,0,44,1,0,0,0,0,0,0,4,7,16,0,29
2017-10-23,3,16,13,0,0,17,0,0,0,0,7,5,0,4,6,35,6,18
2017-10-24,0,0,7,16,0,17,0,0,0,0,0,12,0,6,8,45,2,41
2017-10-25,5,2,0,5,11,3,6,0,0,0,0,25,0,5,19,67,2,36
2017-10-26,0,5,7,1,11,2,1,0,0,0,0,9,0,3,2,39,6,39
2017-10-27,0,5,0,9,15,13,3,1,0,0,1,10,2,0,15,26,4,73
2017-10-30,16,0,32,13,22,12,6,2,0,0,1,0,4,3,2,32,2,53
2017-10-31,0,27,0,5,1,4,5,11,0,0,0,2,4,4,12,59,6,9
2017-11-01,0,11,5,14,4,11,12,2,0,0,5,5,7,1,9,43,3,59
2017-11-02,0,6,4,16,11,11,7,6,0,0,0,4,0,4,6,42,0,9
2017-11-03,0,0,39,5,2,29,4,0,0,0,2,0,9,0,1,22,0,23
2017-11-06,4,19,23,12,8,4,3,0,0,0,7,8,0,7,3,33,5,11
2017-11-07,0,26,6,13,13,6,1,8,0,4,2,9,5,4,13,51,5,19
2017-11-08,20,2,28,14,5,22,9,3,0,0,3,2,0,4,13,92,3,41
2017-11-09,0,27,4,7,30,12,0,5,0,0,0,6,6,2,10,54,0,27
2017-11-10,0,0,0,0,0,0,0,0,0,0,0,0,7,0,0,0,0,0
2017-11-13,0,0,18,4,11,18,4,0,0,0,0,9,3,6,1,18,4,27
2017-11-14,0,5,14,5,0,0,2,0,0,0,1,9,1,1,14,72,7,31
2017-11-15,6,0,11,0,28,2,0,6,0,0,0,3,2,0,8,39,1,16
2017-11-16,3,0,20,5,17,1,1,9,0,0,0,4,0,5,14,34,0,48
2017-11-17,0,37,6,17,17,18,4,0,0,0,0,2,0,0,21,24,0,45
2017-11-20,0,7,7,10,20,11,6,0,0,0,0,2,0,2,6,34,7,35
2017-11-21,0,40,6,0,4,0,4,0,0,0,0,21,6,3,6,71,7,24
2017-11-22,0,13,6,7,0,7,0,0,0,0,1,9,6,0,6,41,2,12
2017-11-24,0,0,0,0,0,0,0,0,0,0,0,0,0,0,0,0,0,0
2017-11-27,0,43,7,0,24,2,7,8,0,0,0,4,9,5,2,18,5,34
2017-11-28,40,22,0,3,7,11,0,0,0,0,0,6,4,5,15,43,7,49
2017-11-29,0,0,5,15,0,6,10,0,0,0,0,0,5,9,8,46,2,45
2017-11-30,0,17,0,4,5,18,9,0,0,0,0,6,0,11,4,25,5,17
2017-12-01,12,46,20,5,16,21,0,6,0,1,1,0,0,0,4,28,8,36
2017-12-04,16,5,24,4,8,11,3,11,0,0,1,0,0,0,3,32,7,38
2017-12-05,0,12,4,10,6,0,0,0,0,0,0,2,1,0,4,48,9,35
2017-12-06,0,0,6,11,7,12,5,5,0,0,4,1,0,0,4,47,2,21
2017-12-07,0,0,10,11,6,0,8,4,0,0,0,9,0,2,5,26,2,21
2017-12-08,0,13,25,0,25,14,0,9,0,2,0,3,0,0,8,34,3,36
2017-12-11,4,18,12,0,12,21,6,4,0,0,2,3,3,10,8,59,7,56
2017-12-12,0,0,7,0,2,7,0,0,0,0,1,19,0,2,3,64,1,24
2017-12-13,0,7,13,7,4,1,9,5,0,0,0,12,10,9,11,26,0,28
2017-12-14,23,0,5,10,0,14,5,4,0,0,0,3,5,4,6,26,8,44
2017-12-15,0,11,3,4,16,7,11,0,0,0,10,13,2,9,6,24,2,34
2017-12-18,0,9,20,0,9,8,24,5,0,0,0,0,0,9,3,24,1,94
2017-12-19,22,17,10,0,2,36,4,0,0,0,2,6,0,3,9,32,12,55
2017-12-20,0,0,32,4,0,4,12,5,0,0,8,20,0,9,10,34,4,43
2017-12-21,0,6,6,0,3,7,0,0,0,0,1,3,19,4,16,48,13,36
2017-12-22,0,11,0,0,15,7,0,0,0,0,1,5,0,0,5,21,0,24
2017-12-26,0,0,1,2,0,0,0,0,0,0,0,1,1,0,4,28,2,15
2017-12-27,0,16,13,10,0,9,0,5,0,0,5,1,2,2,2,34,1,38
2017-12-28,0,0,21,5,8,0,0,0,0,0,0,0,9,0,6,28,3,19
2017-12-29,0,0,0,0,0,5,0,0,0,0,0,0,0,0,4,1,2,19
2018-01-02,0,20,19,0,16,0,0,0,0,0,1,0,0,0,10,16,0,13
2018-01-03,2,0,7,19,11,7,11,0,0,0,0,4,0,0,17,58,10,19
2018-01-04,0,0,10,7,0,8,0,0,0,0,0,12,1,0,0,30,1,21
2018-01-08,0,19,30,11,1,9,1,0,0,0,5,0,0,4,3,31,7,24
2018-01-09,0,8,0,17,7,15,12,4,0,0,0,2,0,5,7,54,2,27
2018-01-10,0,0,12,0,20,5,6,4,0,0,0,1,0,0,12,53,1,11
2018-01-11,0,0,12,13,0,28,3,4,0,0,2,4,1,0,4,38,2,61
2018-01-12,0,20,14,6,6,17,10,0,0,0,0,2,0,0,11,23,5,16
2018-01-16,0,6,22,9,13,10,11,0,0,0,0,5,0,0,3,52,1,49
2018-01-17,2,7,12,17,0,19,2,10,0,0,4,12,0,0,9,39,2,30
2018-01-18,0,13,39,0,4,15,16,2,0,0,0,14,0,4,10,35,9,37
2018-01-19,0,27,32,0,18,1,1,0,0,0,1,1,5,0,3,48,7,62
2018-01-22,0,32,38,0,25,21,0,5,0,0,0,0,9,10,9,44,8,49
2018-01-23,2,0,17,6,8,12,4,0,0,0,0,2,0,7,5,60,1,34
2018-01-24,0,0,4,49,6,4,6,6,0,0,8,7,1,4,5,52,0,42
2018-01-25,0,9,5,7,13,0,7,9,0,0,5,5,4,2,1,59,0,44
2018-01-26,1,9,30,2,4,15,6,0,0,0,1,22,1,12,6,19,6,82
2018-01-29,0,31,33,15,26,13,18,0,0,0,0,8,5,0,6,32,5,45
2018-01-30,0,34,0,22,33,20,0,4,0,0,3,2,6,2,6,30,3,42
2018-01-31,0,1,6,4,11,10,8,0,0,0,5,2,0,0,14,28,4,73
2018-02-01,0,0,5,5,12,4,12,0,0,0,0,3,5,4,6,50,1,34
2018-02-02,0,0,18,18,13,10,5,0,0,0,2,7,6,6,3,38,0,49
2018-02-05,0,3,22,1,4,28,7,7,0,0,1,0,0,4,11,49,5,20
2018-02-06,0,13,13,6,3,8,5,4,0,0,3,0,0,0,4,46,1,36
2018-02-07,0,0,6,19,2,9,1,0,0,0,0,14,0,0,6,33,9,45
2018-02-09,0,19,13,0,0,25,4,0,0,0,0,2,3,0,3,38,1,52
2018-02-12,6,31,6,6,11,16,8,0,0,0,0,3,4,4,6,32,23,25
2018-02-13,0,33,9,11,0,8,7,0,0,0,0,1,11,0,8,24,1,31
2018-02-14,0,0,0,7,3,0,0,2,0,0,1,1,0,0,1,41,4,29
2018-02-15,0,30,7,0,12,13,0,0,0,0,1,11,2,0,8,57,6,43
2018-02-16,0,0,17,12,19,17,6,0,0,0,1,0,2,5,12,24,5,27
2018-02-20,35,15,15,7,5,3,6,0,0,0,0,4,6,0,7,49,0,49
2018-02-21,0,4,21,14,21,1,10,5,0,0,0,9,8,17,2,56,6,46
2018-02-22,0,7,0,0,0,0,0,0,0,0,4,4,0,1,3,1,3,17
2018-02-23,0,9,14,8,5,0,0,5,0,0,0,1,0,6,6,15,0,16
2018-02-26,0,9,9,13,1,22,1,3,0,0,0,3,16,4,1,39,3,52
2018-02-27,0,0,22,7,0,11,6,9,0,0,2,0,9,3,11,35,5,57
2018-02-28,0,0,6,7,3,10,9,7,0,0,1,0,6,1,8,46,11,31
2018-03-01,10,0,0,11,18,3,0,0,0,0,0,13,2,3,5,41,6,56
2018-03-02,0,0,21,8,1,31,0,0,0,0,0,12,4,7,11,33,9,19
2018-03-05,0,6,23,0,9,0,0,0,0,0,0,0,4,0,5,47,3,45
2018-03-06,2,0,0,4,3,0,0,0,0,0,0,1,0,1,1,21,0,3
2018-03-08,10,19,22,0,7,5,7,0,0,0,7,9,2,0,7,50,5,25
2018-03-09,11,8,6,0,0,5,6,0,0,0,2,1,0,5,8,7,6,26
2018-03-12,21,0,11,9,5,26,9,0,0,0,1,0,12,7,2,28,14,48
2018-03-13,0,10,0,16,6,21,1,0,0,0,3,1,0,2,6,113,0,33
2018-03-14,0,0,0,8,17,1,27,0,0,0,0,6,5,7,6,73,4,41
2018-03-15,2,0,54,2,3,9,0,12,0,0,4,5,0,0,3,51,3,43
2018-03-16,2,10,6,17,39,24,5,0,0,0,0,3,2,4,18,18,2,30
2018-03-19,0,14,26,6,21,3,7,0,0,0,2,3,5,5,1,23,7,46
2018-03-20,0,0,13,8,9,14,0,5,0,0,0,0,9,0,5,14,3,21
2018-03-22,3,0,2,6,0,4,2,0,0,0,0,0,1,2,7,29,2,20
2018-03-23,0,0,17,0,6,17,9,0,0,0,0,0,2,6,19,20,0,1044
2018-03-26,0,10,42,4,16,11,11,0,0,0,6,0,0,0,2,40,14,54
2018-03-27,0,0,14,8,6,4,0,0,0,0,0,0,2,5,2,32,7,29
2018-03-28,0,0,15,4,10,10,0,0,0,6,8,0,0,0,9,72,1,32
2018-03-29,18,12,10,2,2,31,0,0,0,0,2,0,0,0,3,33,0,30
2018-04-02,0,15,23,16,1,8,2,0,0,0,1,0,0,3,2,14,0,17
2018-04-03,0,6,6,10,10,6,5,0,0,0,0,0,3,1,7,62,0,24
2018-04-04,0,0,14,4,0,2,6,0,0,2,2,5,5,0,3,30,16,48
2018-04-05,2,27,13,9,2,4,8,0,0,0,0,0,0,5,1,44,2,30
2018-04-06,0,7,10,0,15,8,0,4,0,0,0,0,1,0,4,36,0,49
2018-04-09,1,11,0,4,23,16,7,0,0,0,0,1,4,8,3,42,10,23
2018-04-10,0,18,9,2,10,11,0,0,0,0,1,2,0,2,11,54,5,77
2018-04-11,2,4,22,7,22,18,0,0,0,1,0,2,2,6,9,66,1,38
2018-04-12,7,0,18,4,6,4,1,1,0,0,0,10,0,0,0,68,1,32
2018-04-13,5,14,0,5,4,2,0,0,0,0,0,0,1,0,2,19,0,29
2018-04-16,0,0,12,2,24,11,3,0,0,0,0,1,4,0,1,41,4,17
2018-04-17,3,5,0,3,2,29,0,1,0,0,0,1,0,3,5,55,1,67
2018-04-18,16,0,0,2,1,19,0,0,0,0,1,11,0,4,4,39,2,49
2018-04-19,0,0,8,0,0,3,8,0,0,0,3,5,0,0,4,27,0,48
2018-04-20,0,3,0,7,0,3,3,0,0,0,0,0,2,3,3,8,2,36
2018-04-23,0,12,15,2,32,0,3,0,0,3,3,0,0,0,9,19,7,17
2018-04-24,0,8,0,5,0,21,3,7,0,0,0,2,1,0,7,45,5,50
2018-04-25,0,14,27,11,2,15,7,0,0,0,1,1,4,2,11,70,3,21
2018-04-26,0,0,4,4,10,11,0,0,0,0,0,0,4,7,4,43,1,52
2018-04-27,6,15,0,7,20,35,16,0,0,0,0,0,0,0,8,19,6,24
2018-04-30,0,31,6,8,7,5,0,1,0,0,0,4,1,1,10,27,8,26
2018-05-01,0,12,2,6,0,18,8,2,0,0,7,0,3,8,6,29,0,31
2018-05-02,0,4,4,4,5,6,0,3,0,0,0,0,1,6,7,29,6,38
2018-05-03,9,0,7,7,5,10,13,7,0,2,0,1,1,6,9,19,1,36
2018-05-04,0,5,20,5,15,16,9,0,0,0,0,0,1,6,2,24,7,30
2018-05-07,0,23,10,12,5,18,0,0,0,0,0,0,3,2,2,24,9,26
2018-05-08,0,10,9,7,4,2,0,0,0,0,5,0,0,0,2,34,6,27
2018-05-09,6,5,4,2,4,9,3,0,0,0,0,0,0,0,7,47,6,18
2018-05-10,0,14,22,25,11,8,6,0,0,0,0,6,8,0,2,39,0,26
2018-05-11,6,13,7,4,5,1,4,0,0,0,0,0,3,4,5,31,6,39
2018-05-14,0,9,4,13,30,8,0,0,0,0,1,6,0,0,2,6,15,29
2018-05-15,0,0,0,10,16,6,0,0,0,0,0,3,1,5,9,35,0,12
2018-05-16,0,10,0,15,0,4,3,2,0,0,3,0,0,2,2,14,1,7
2018-05-17,0,0,3,0,0,19,12,5,0,0,0,1,2,3,2,39,1,6
2018-05-18,0,7,0,3,0,1,4,0,0,0,0,0,1,7,4,16,7,33
2018-05-21,29,14,11,7,43,18,0,4,0,0,2,0,4,0,1,16,6,23
2018-05-22,0,0,5,14,7,6,0,0,0,0,0,0,1,0,2,33,8,40
2018-05-23,0,0,3,4,4,13,4,0,0,0,0,1,3,0,5,38,6,57
2018-05-24,0,0,11,2,4,3,4,4,0,0,0,0,5,2,2,28,5,14
2018-05-25,2,7,19,7,0,15,0,0,0,0,0,0,1,0,3,14,1,28
2018-05-29,8,0,3,14,2,1,2,3,0,0,2,1,2,0,2,30,4,50
2018-05-30,2,0,0,6,7,9,11,5,0,0,1,0,1,3,7,26,5,51
2018-05-31,0,8,12,7,6,10,2,3,0,0,0,0,0,0,2,23,1,23
2018-06-01,2,0,0,0,16,2,0,0,0,0,0,0,3,0,4,6,0,15
2018-06-04,17,12,4,0,5,13,5,0,0,0,0,0,0,0,2,22,1,30
2018-06-05,0,0,9,5,0,2,11,0,0,0,2,5,2,2,7,46,0,10
2018-06-06,0,15,2,4,17,4,8,0,0,0,0,3,1,0,4,56,2,17
2018-06-07,3,0,7,7,8,11,4,4,0,0,0,2,5,0,0,46,2,32
2018-06-08,0,0,18,3,0,13,0,0,0,0,0,0,2,8,6,28,3,44
2018-06-11,0,6,0,2,10,4,0,4,0,0,3,0,5,2,3,6,8,29
2018-06-12,7,0,0,5,0,0,15,0,0,0,2,3,2,0,8,44,2,32
2018-06-13,7,0,4,8,0,13,9,7,0,0,0,0,0,2,4,45,3,47
2018-06-14,0,0,10,14,2,16,4,0,0,0,0,4,2,0,5,33,5,16
2018-06-15,3,0,0,5,7,3,4,0,0,0,1,1,0,0,1,44,5,33
2018-06-18,0,0,23,0,13,31,4,1,0,0,1,2,1,1,1,12,9,29
2018-06-19,7,0,10,4,9,20,1,4,0,0,0,0,6,11,6,29,3,44
2018-06-20,0,0,11,13,6,12,6,4,0,0,2,7,5,2,3,42,10,22
2018-06-21,0,5,0,7,0,2,16,0,0,0,0,0,3,0,3,24,1,31
2018-06-22,10,0,10,6,0,19,20,0,0,0,0,3,0,0,3,17,4,18
2018-06-25,20,4,29,13,14,14,0,0,0,0,9,0,1,3,3,41,7,45
2018-06-26,0,10,13,2,0,8,1,3,0,0,6,0,0,1,4,29,6,42
2018-06-27,0,0,2,4,0,16,5,0,0,0,0,0,9,0,7,23,10,42
2018-06-28,0,17,18,4,8,5,0,3,0,0,0,9,3,7,7,27,8,26
2018-06-29,7,0,16,4,5,22,11,0,0,0,0,0,0,0,4,28,6,43
2018-07-02,0,0,0,0,3,0,0,0,0,0,3,4,0,0,2,12,0,24
2018-07-03,0,0,0,6,0,4,0,5,0,0,1,0,4,0,3,14,1,14
2018-07-05,0,0,3,2,0,0,4,0,0,0,0,2,0,2,4,4,3,18
2018-07-06,0,0,4,4,4,20,0,0,0,0,0,0,0,0,0,5,0,3
2018-07-09,2,0,10,9,23,16,4,0,0,0,1,5,1,1,2,25,1,14
2018-07-10,11,25,4,12,6,12,5,7,0,0,0,0,0,0,0,19,7,36
2018-07-11,0,6,8,8,5,17,11,0,0,0,2,4,8,9,11,51,0,39
2018-07-12,0,0,11,0,0,4,10,0,0,0,0,1,1,0,5,32,9,30
2018-07-13,10,0,12,0,0,14,0,0,0,0,0,0,1,4,2,7,4,32
2018-07-16,0,19,18,10,4,3,0,0,0,0,0,2,0,2,1,31,3,37
2018-07-17,0,29,3,9,3,6,17,0,0,0,1,2,0,2,4,19,1,50
2018-07-18,3,0,26,0,0,10,7,0,0,0,0,0,0,7,7,32,11,39
2018-07-19,5,18,0,0,10,13,3,2,0,0,0,4,0,3,3,44,2,7
2018-07-20,13,0,10,5,0,19,0,0,0,0,0,0,0,0,2,21,10,13
2018-07-23,0,0,0,5,0,4,5,0,0,0,4,2,3,0,3,28,3,22
2018-07-24,0,25,5,0,0,35,0,0,0,0,0,4,0,0,4,18,6,31
2018-07-25,3,4,13,15,8,4,3,0,0,0,0,0,0,0,2,27,0,28
2018-07-26,1,0,0,5,2,0,0,0,0,0,0,3,0,0,2,15,3,7
2018-07-27,4,0,3,0,0,1,0,0,0,0,0,0,0,0,5,0,0,11
2018-07-30,0,12,9,5,0,0,1,0,0,0,0,3,2,0,3,10,5,22
2018-07-31,0,7,0,16,5,3,0,0,0,0,0,0,0,0,3,36,1,36
2018-08-01,1,0,13,4,3,1,0,0,0,0,0,1,0,0,6,14,8,43
2018-08-02,2,3,0,5,15,1,10,3,0,0,0,0,4,0,2,9,5,19
2018-08-03,0,0,7,5,10,0,1,0,0,0,0,0,1,0,5,18,4,18
2018-08-06,0,8,31,6,2,4,0,0,0,0,0,0,1,0,4,25,16,24
2018-08-07,0,0,6,0,0,9,0,2,0,0,1,0,0,0,3,37,8,38
2018-08-08,0,2,0,0,3,3,2,0,0,0,3,1,0,1,4,14,4,35
2018-08-09,0,0,10,9,0,10,9,0,0,0,0,0,0,0,7,20,2,18
2018-08-10,0,0,6,7,11,12,4,3,0,0,0,0,1,0,7,24,4,14
2018-08-13,0,0,6,1,16,7,0,0,0,0,0,0,1,4,0,23,8,28
2018-08-14,0,0,9,8,6,0,6,0,0,0,0,0,0,0,2,28,6,41
2018-08-15,0,0,15,18,10,5,0,8,0,0,0,0,0,4,2,22,1,26
2018-08-16,0,18,13,15,3,7,6,0,0,0,4,0,2,0,5,23,2,17
2018-08-17,0,13,16,1,5,7,0,3,0,0,0,0,1,0,4,4,4,18
2018-08-20,2,21,9,0,4,13,0,0,0,0,0,0,1,4,1,5,2,25
2018-08-21,0,13,0,3,4,7,1,3,0,0,0,0,0,4,1,26,3,20
2018-08-22,1,0,0,12,0,1,8,0,0,0,0,0,0,0,5,24,2,17
2018-08-23,0,4,3,10,31,3,12,7,0,0,3,0,0,3,3,35,1,21
2018-08-24,0,0,7,17,9,15,0,0,0,0,4,0,0,4,2,12,1,61
2018-08-27,0,5,6,2,10,17,0,0,0,0,0,0,3,2,3,16,16,13
2018-08-28,0,6,0,0,0,3,3,0,0,0,1,3,0,1,4,19,1,41
2018-08-29,0,13,0,0,0,0,3,4,0,0,0,4,1,7,9,23,0,31
2018-08-30,0,0,0,4,0,0,0,0,0,0,0,0,3,0,6,34,0,27
2018-08-31,0,2,0,0,0,11,4,0,0,0,0,0,0,6,6,4,2,43
2018-09-04,2,19,0,0,2,3,9,0,0,0,0,0,0,2,4,17,0,30
2018-09-05,3,8,5,4,11,7,9,0,0,0,3,0,2,5,2,16,6,41
2018-09-06,29,5,6,4,3,0,3,5,0,0,1,2,4,4,6,29,0,35
2018-09-07,7,7,10,13,0,4,5,1,0,0,0,0,0,2,4,12,2,53
2018-09-10,0,0,0,5,13,14,0,0,0,0,0,0,0,2,4,49,1,32
2018-09-11,0,0,13,4,3,26,0,6,0,0,1,0,0,3,4,31,0,52
2018-09-12,0,11,0,15,0,12,11,2,0,0,0,0,1,3,21,14,0,55
2018-09-13,0,0,33,5,10,2,2,4,0,0,5,0,4,3,4,35,4,30
2018-09-14,0,14,0,1,3,2,0,3,0,0,0,4,0,5,9,31,2,22
2018-09-17,0,5,20,5,0,3,0,0,0,0,0,0,0,0,2,12,11,37
2018-09-18,0,2,4,4,0,3,0,0,0,0,0,0,0,2,5,29,1,34
2018-09-19,11,0,0,0,10,8,7,0,0,0,0,0,3,0,11,32,3,26
2018-09-20,15,7,4,17,5,2,2,0,0,0,0,0,3,4,7,38,5,20
2018-09-21,0,7,0,4,8,28,5,0,0,0,0,0,0,0,5,17,1,14
2018-09-24,6,0,0,0,0,26,3,0,0,0,0,0,4,0,2,19,12,30
2018-09-25,12,22,4,2,0,2,7,3,0,0,1,0,1,1,5,19,16,28
2018-09-26,0,0,4,10,4,0,4,0,0,0,3,0,1,0,2,11,4,37
2018-09-27,7,0,19,9,10,3,3,0,0,0,0,4,0,2,1,30,5,15
2018-09-28,3,11,32,0,13,4,6,5,0,0,2,0,0,0,3,22,0,19
2018-10-01,0,2,0,4,18,17,4,1,0,0,0,0,0,0,0,19,4,21
2018-10-02,0,5,0,16,2,7,3,0,0,0,0,4,1,6,1,30,8,27
2018-10-03,2,0,2,10,3,5,3,0,0,0,1,3,4,0,6,10,7,26
2018-10-04,0,0,15,0,3,13,3,3,0,0,0,0,0,1,0,21,5,22
2018-10-05,0,2,0,0,4,5,0,0,0,1,0,0,0,0,5,4,0,2
2018-10-09,2,13,30,4,0,2,0,5,0,0,0,0,1,5,13,17,4,22
2018-10-10,0,7,16,11,0,16,2,4,0,0,5,0,3,5,8,28,2,35
2018-10-11,0,8,10,8,1,5,0,0,0,0,0,0,0,0,8,37,7,38
2018-10-12,0,0,0,0,0,0,2,0,0,0,1,0,1,0,1,3,2,5
2018-10-15,10,6,6,8,1,8,0,0,0,0,1,0,0,2,3,26,15,20
2018-10-16,0,10,4,0,2,6,8,0,0,0,0,0,8,2,8,20,3,25
2018-10-17,3,0,15,4,9,12,3,0,0,0,0,0,8,2,6,47,2,41
2018-10-18,0,0,0,19,4,15,1,0,0,0,3,0,0,0,2,29,0,26
2018-10-19,0,0,0,0,0,9,0,0,0,0,1,0,1,0,1,7,0,9
2018-10-22,0,2,1,0,5,19,0,0,0,0,3,0,0,0,1,10,11,11
2018-10-23,0,0,19,6,0,2,0,4,0,0,5,1,4,0,3,17,3,20
2018-10-24,0,4,4,0,8,1,0,2,0,0,2,0,1,0,0,23,1,22
2018-10-25,0,12,0,14,22,5,0,6,0,0,0,0,2,4,0,37,2,26
2018-10-26,0,0,0,3,2,1,20,0,0,0,0,0,3,0,4,15,3,34
2018-10-29,0,6,19,4,1,8,0,0,0,0,0,0,0,0,6,13,4,55
2018-10-30,0,0,13,0,9,33,9,0,0,0,0,1,0,0,5,41,2,32
2018-10-31,0,2,13,4,4,2,0,0,0,0,0,0,1,0,2,37,3,25
2018-11-01,0,6,19,1,1,0,17,0,0,0,0,3,0,10,1,35,3,23
2018-11-02,2,14,9,1,0,5,11,0,0,0,0,0,0,0,4,3,1,8
2018-11-05,0,0,19,8,13,14,4,0,0,0,0,0,0,5,2,12,2,43
2018-11-06,0,10,0,0,3,32,0,4,0,0,0,0,2,6,6,14,3,41
2018-11-07,0,0,4,4,8,15,0,0,0,0,7,1,2,5,5,21,3,39
2018-11-08,2,0,0,0,0,0,5,0,0,0,2,0,1,2,6,26,5,44
2018-11-09,0,10,0,3,3,6,6,0,0,0,0,0,0,0,2,4,1,27
2018-11-13,0,19,5,8,4,7,10,0,0,0,5,1,7,0,2,27,1,25
2018-11-14,0,15,0,0,7,5,0,0,0,0,0,0,0,2,4,30,5,13
2018-11-15,0,6,0,7,12,0,0,0,0,0,0,3,5,3,2,17,6,21
2018-11-16,0,0,0,2,10,28,0,0,0,0,0,0,1,2,1,26,2,3
2018-11-19,12,35,0,0,4,3,0,3,0,0,1,0,5,0,4,38,7,12
2018-11-20,5,55,0,0,5,2,3,0,0,0,0,0,3,0,1,36,0,61
2018-11-21,0,16,4,2,22,0,0,0,1,0,3,0,0,0,7,13,1,16
2018-11-26,10,6,0,0,10,8,6,0,0,0,0,0,0,0,1,35,6,31
2018-11-27,0,7,5,8,11,21,0,0,0,0,3,3,0,0,5,19,4,37
2018-11-28,0,0,9,0,0,0,5,0,0,0,4,0,0,8,3,23,2,33
2018-11-29,0,11,9,6,7,3,0,0,0,0,0,3,0,6,2,32,2,33
2018-11-30,0,0,6,7,4,23,0,0,0,0,1,0,1,0,2,20,7,31
2018-12-03,0,3,22,0,20,21,11,3,0,0,0,3,0,2,0,23,6,43
2018-12-04,0,19,9,6,10,6,2,4,0,0,4,1,1,1,1,35,1,20
2018-12-05,0,5,0,9,13,10,9,0,0,0,0,0,1,8,5,39,9,52
2018-12-06,0,0,4,2,14,4,10,0,0,0,0,2,0,1,5,25,4,30
2018-12-07,0,21,3,0,8,8,5,0,0,0,0,0,2,0,3,17,1,24
2018-12-10,0,13,0,0,20,1,17,0,0,0,10,0,0,2,5,16,3,12
2018-12-11,0,0,3,2,7,2,5,4,0,0,1,0,5,13,2,21,5,47
2018-12-12,4,10,2,0,8,9,2,4,0,0,0,0,8,1,3,21,0,48
2018-12-13,0,0,0,4,0,7,0,2,0,0,0,0,2,1,2,21,3,40
2018-12-14,3,29,4,1,21,13,6,0,0,0,1,0,0,0,5,17,7,9
2018-12-17,5,7,13,3,0,9,3,0,0,0,0,0,1,0,5,12,4,21
2018-12-18,26,0,9,1,11,2,3,0,0,0,1,0,0,3,6,42,8,50
2018-12-19,0,9,8,14,4,11,9,3,0,0,1,4,1,3,5,32,7,29
2018-12-20,6,15,11,0,0,5,15,0,0,0,0,0,8,7,2,50,5,55
2018-12-21,6,11,0,0,0,4,1,0,0,0,6,1,0,0,0,6,1,13
2018-12-24,0,0,0,0,0,0,0,0,0,0,0,0,0,0,0,0,0,0
2018-12-26,0,0,0,0,0,0,0,0,0,1,0,0,4,2,2,4,0,0
2018-12-27,0,0,0,0,0,0,5,4,0,0,0,0,0,0,3,16,1,5
2018-12-28,0,0,0,0,0,7,0,0,0,0,0,0,0,0,4,5,0,6
2018-12-31,0,0,0,0,0,0,0,0,0,0,0,0,0,0,9,0,6,2
2019-01-02,0,14,0,0,10,0,0,5,0,0,0,0,1,1,5,2,1,5
2019-01-03,0,0,0,11,0,0,4,0,0,0,0,0,0,0,7,25,1,26
2019-01-04,0,0,0,1,14,9,3,0,0,0,0,2,0,0,1,12,6,7
2019-01-07,0,5,1,7,2,13,0,0,0,0,0,0,2,0,0,13,2,20
2019-01-08,0,0,0,13,0,1,3,11,0,0,1,4,1,7,0,25,7,17
2019-01-09,0,0,0,1,0,3,8,0,0,0,1,0,0,0,2,15,3,46
2019-01-10,0,2,6,12,0,1,8,3,0,0,0,0,0,3,2,25,3,36
2019-01-11,5,18,8,2,1,12,3,0,0,0,0,0,0,0,1,4,5,5
2019-01-14,0,18,0,0,10,10,2,2,0,0,0,0,1,0,2,29,10,24
2019-01-15,0,21,22,0,0,5,7,0,0,0,0,0,0,3,0,14,6,28
2019-01-16,0,0,6,8,3,10,0,9,0,0,0,0,6,1,3,32,8,29
2019-01-17,0,11,7,0,14,8,0,3,0,0,1,3,0,2,2,26,2,22
2019-01-18,14,0,0,3,2,13,2,2,0,0,0,0,2,4,0,14,2,19
2019-01-22,0,0,2,15,10,6,7,4,0,0,1,0,2,5,1,22,5,17
2019-01-23,0,10,13,2,12,4,1,0,0,0,1,0,0,0,6,44,3,49
2019-01-24,0,0,10,6,0,21,0,0,0,0,0,0,0,2,2,32,1,19
2019-01-25,12,0,0,0,9,25,0,0,0,0,0,0,1,0,0,15,11,18
2019-01-28,3,4,3,0,10,6,5,0,0,0,0,0,0,1,0,15,4,26
2019-01-29,0,0,0,3,7,0,10,0,0,0,8,3,0,0,1,27,6,20
2019-01-30,0,0,19,3,5,4,2,0,0,0,3,0,1,0,1,28,7,16
2019-01-31,0,0,0,4,4,10,10,12,0,0,1,7,0,0,5,34,2,24
2019-02-01,0,0,16,2,12,3,9,0,0,0,1,6,0,0,5,9,3,23
2019-02-04,1,13,19,6,0,6,0,0,0,0,3,0,0,0,1,13,1,16
2019-02-05,0,9,0,0,4,28,2,0,0,0,0,0,0,0,3,25,8,9
2019-02-06,10,0,0,0,11,9,4,0,0,0,0,6,1,3,0,49,3,24
2019-02-07,28,9,0,9,6,1,7,0,0,0,0,2,0,2,3,30,0,35
2019-02-08,14,24,11,3,16,13,0,0,0,0,0,0,8,0,2,23,0,21
2019-02-11,0,0,0,2,0,0,0,2,0,0,0,0,1,0,0,13,10,9
2019-02-12,0,4,0,0,2,2,4,0,0,0,0,5,0,0,0,17,2,15
2019-02-13,4,0,0,0,9,0,4,0,0,0,0,1,0,6,6,12,0,33
2019-02-14,0,0,5,9,0,0,4,0,0,0,1,0,3,0,0,16,3,19
2019-02-15,10,0,28,0,1,16,0,0,0,0,1,0,0,1,1,31,5,13
2019-02-19,9,0,0,19,14,3,1,3,0,0,1,6,8,0,1,41,7,50
2019-02-21,0,0,10,2,4,1,1,0,0,0,0,0,0,3,3,12,2,14
2019-02-22,12,10,0,12,8,12,1,0,0,0,0,2,4,0,2,1,0,1
2019-02-25,0,0,0,0,4,18,3,0,0,0,2,5,2,0,1,29,6,29
2019-02-26,0,16,2,14,5,0,13,0,0,0,0,0,0,0,1,16,6,24
2019-02-27,0,0,0,0,9,9,10,5,0,0,0,0,0,0,4,6,2,17
2019-02-28,20,26,0,1,0,3,0,0,0,0,0,0,2,0,3,36,0,28
2019-03-01,9,9,4,5,4,4,9,5,0,0,0,0,4,2,0,16,1,16
2019-03-04,0,28,0,10,0,6,0,0,0,0,2,2,0,0,3,17,9,14
2019-03-05,0,9,5,1,0,12,7,3,0,0,0,0,0,0,2,15,3,20
2019-03-06,0,0,0,0,0,3,5,0,0,0,0,0,1,0,1,28,1,32
2019-03-07,0,0,15,0,0,8,0,0,0,0,0,3,1,0,2,7,13,34
2019-03-08,0,7,7,6,4,1,0,0,0,0,0,3,0,0,3,5,0,10
2019-03-11,15,9,0,5,0,2,2,0,0,0,0,0,0,0,13,17,2,35
2019-03-12,0,0,0,5,0,2,13,0,0,0,0,0,0,2,0,9,6,23
2019-03-13,0,0,0,0,0,2,6,0,0,0,0,0,7,1,1,40,0,45
2019-03-14,15,0,17,4,4,13,14,2,0,0,0,0,0,2,1,13,1,19
2019-03-15,2,8,0,3,0,11,0,0,0,0,0,0,0,0,1,9,1,11
2019-03-18,3,0,0,0,6,4,12,0,0,0,0,0,0,1,2,5,12,6
2019-03-19,0,19,6,0,2,5,6,3,0,0,3,2,7,3,4,31,2,17
2019-03-20,3,0,0,0,0,3,30,0,0,0,6,1,0,2,4,30,2,22
2019-03-21,4,0,7,0,0,2,7,13,0,0,3,0,0,4,4,23,1,43
2019-03-22,0,0,6,2,7,2,6,0,0,0,1,0,1,0,2,7,0,10
2019-03-25,0,12,46,0,6,7,0,0,0,0,0,0,0,0,1,31,17,32
2019-03-26,27,0,5,21,0,3,0,0,0,0,0,0,0,1,2,26,9,51
2019-03-27,4,0,0,0,0,1,12,0,0,0,0,1,0,0,2,22,6,17
2019-03-28,0,0,5,12,8,5,3,0,0,0,2,0,2,6,6,36,4,31
2019-03-29,0,6,0,0,0,0,3,0,0,0,0,0,0,2,1,17,4,16
2019-04-01,0,9,5,0,15,0,10,0,0,0,0,0,0,2,4,19,0,3
2019-04-02,0,16,5,14,5,3,0,5,0,0,0,0,0,5,4,20,4,52
2019-04-03,0,0,6,6,0,4,4,0,0,0,0,1,0,3,7,36,1,11
2019-04-04,0,22,6,0,9,11,3,0,0,0,0,0,0,3,3,12,2,23
2019-04-05,0,15,9,3,0,3,4,0,0,2,0,0,0,0,0,34,1,11
2019-04-08,0,0,11,2,10,11,0,0,0,0,0,1,1,0,1,13,4,25
2019-04-09,0,0,0,6,6,6,4,3,0,0,0,0,1,2,0,21,0,8
2019-04-10,0,3,0,0,0,0,2,6,0,0,1,2,7,2,3,37,8,19
2019-04-11,0,17,11,6,7,27,0,3,0,0,0,0,0,0,2,29,1,38
2019-04-12,10,14,0,5,0,11,4,2,0,0,0,0,1,1,3,25,0,11
2019-04-15,0,12,19,3,0,4,0,0,0,0,0,0,0,0,0,13,11,34
2019-04-16,0,0,0,0,3,0,6,0,0,0,0,0,0,0,0,30,5,18
2019-04-17,0,6,3,8,0,3,0,0,0,0,0,2,4,2,2,27,0,18
2019-04-18,0,0,0,7,8,10,0,0,0,0,0,0,0,0,1,4,2,7
2019-04-22,11,0,3,0,7,2,0,0,0,0,0,0,0,1,4,22,4,20
2019-04-23,0,13,0,5,6,16,0,0,0,0,0,0,0,2,1,18,1,34
2019-04-24,0,0,6,4,0,0,0,0,0,0,0,4,0,4,1,15,0,14
2019-04-25,3,8,0,5,9,4,3,0,0,0,0,0,0,0,0,21,0,27
2019-04-26,0,0,3,0,23,2,6,0,0,0,3,0,6,0,3,15,0,23
2019-04-29,0,17,1,0,5,6,3,0,0,0,0,0,0,9,0,8,1,11
2019-04-30,0,0,0,1,5,6,6,3,0,0,0,0,0,0,0,29,4,24
2019-05-01,13,0,0,0,0,4,2,0,0,0,1,0,0,0,7,18,2,2
2019-05-02,0,10,8,4,5,6,0,0,0,0,0,0,0,2,0,15,4,28
2019-05-03,0,6,1,0,13,7,0,0,0,0,0,0,0,0,0,6,6,15
2019-05-06,7,0,0,10,10,0,1,0,0,0,0,0,0,0,1,8,3,2
2019-05-07,10,0,2,6,0,0,0,3,0,0,0,0,0,5,0,25,0,22
2019-05-08,0,0,0,1,5,7,0,0,0,0,0,0,0,4,5,15,1,47
2019-05-09,0,3,0,2,0,0,9,1,0,0,0,2,0,0,0,17,0,19
2019-05-10,0,0,3,1,0,11,6,0,0,0,0,0,0,0,2,39,0,20
2019-05-13,0,6,2,8,0,5,0,0,0,0,0,1,1,2,0,33,4,21
2019-05-14,0,0,0,2,14,8,12,0,0,0,0,2,1,0,0,23,1,28
2019-05-15,0,0,5,0,0,1,0,0,0,0,0,0,0,6,3,35,2,56
2019-05-16,0,0,0,4,0,19,0,0,0,0,0,0,1,2,5,19,2,30
2019-05-17,0,0,0,0,12,13,0,0,0,0,0,0,0,0,0,5,2,11
2019-05-20,1,0,0,0,16,9,0,0,0,0,0,0,0,0,0,16,0,11
2019-05-21,0,0,2,4,7,4,0,0,0,0,0,0,0,3,0,9,3,28
2019-05-22,3,0,0,0,0,11,3,3,0,0,0,2,0,2,1,13,1,10
2019-05-23,0,8,0,3,2,8,2,0,0,0,2,0,0,0,9,22,7,24
2019-05-24,0,0,10,11,0,6,2,0,0,0,0,0,3,7,0,3,0,6
2019-05-28,0,24,0,1,0,0,2,0,0,0,0,5,0,3,0,16,2,19
2019-05-29,30,0,0,0,5,9,1,4,0,0,0,0,0,1,0,31,2,6
2019-05-30,0,9,0,1,0,3,0,0,0,0,0,0,0,0,4,26,5,13
2019-05-31,7,7,0,0,0,3,3,0,0,0,0,0,0,0,0,17,0,11
2019-06-03,5,0,0,2,0,3,0,0,0,0,0,0,0,0,2,29,2,12
2019-06-04,0,0,5,0,0,8,4,0,0,0,0,0,0,9,0,13,0,6
2019-06-05,0,8,4,4,7,2,0,6,0,0,0,0,0,0,2,22,0,21
2019-06-06,0,5,3,0,0,0,1,3,0,0,3,3,1,3,2,21,0,22
2019-06-07,23,17,0,5,0,2,0,0,0,0,0,0,0,0,1,11,8,23
2019-06-10,0,0,3,0,17,0,0,6,0,0,0,5,0,0,0,8,17,20
2019-06-11,0,2,0,0,0,7,0,0,0,0,0,0,1,0,2,14,3,9
2019-06-12,0,0,3,0,7,8,4,4,0,0,1,0,0,3,0,10,0,17
2019-06-13,24,5,3,6,0,1,0,3,0,0,1,0,0,1,0,11,2,13
2019-06-14,12,0,21,6,6,9,1,0,0,0,0,0,1,1,0,1,1,25
2019-06-17,0,0,2,6,4,5,3,0,0,0,0,7,0,0,3,18,2,15
2019-06-18,0,10,8,3,0,6,0,0,0,0,2,0,0,3,2,32,5,33
2019-06-19,0,5,0,0,3,0,0,0,0,0,0,0,0,0,0,23,1,6
2019-06-20,13,10,17,4,6,6,3,2,2,0,0,1,0,3,2,38,2,9
2019-06-21,15,4,0,0,4,4,0,0,0,0,0,0,4,0,0,14,1,19
2019-06-24,0,8,6,0,5,9,3,0,0,0,0,0,0,3,1,25,4,36
2019-06-25,0,0,0,3,0,1,0,1,0,0,0,0,0,0,0,11,5,6
2019-06-26,9,0,0,0,0,0,0,0,0,0,0,0,0,0,0,23,1,23
2019-06-27,6,0,0,0,4,2,0,0,0,0,0,0,0,0,1,3,1,18
2019-06-28,0,3,14,6,0,16,6,0,0,0,0,0,0,0,1,9,3,24
2019-07-01,0,6,0,1,6,0,0,0,0,0,0,0,0,0,0,0,1,25
2019-07-02,0,17,0,0,0,4,5,0,0,0,3,3,0,0,1,18,0,14
2019-07-03,0,0,6,0,4,1,0,0,0,0,0,0,0,4,0,15,0,0
2019-07-08,12,18,0,0,2,0,0,0,0,0,0,0,0,0,1,11,0,21
2019-07-09,0,4,14,2,0,14,0,0,0,0,0,0,0,1,1,4,0,20
2019-07-10,0,0,0,0,0,0,3,7,0,0,0,0,0,0,8,26,3,35
2019-07-11,0,4,11,5,17,3,3,0,0,0,0,0,2,2,2,33,0,25
2019-07-12,0,0,8,1,0,0,4,0,0,0,0,3,1,0,1,29,7,37
2019-07-15,17,8,37,0,0,9,4,0,0,0,0,0,3,0,0,9,8,11
2019-07-16,0,6,7,0,0,0,3,0,0,0,0,0,0,5,10,23,7,24
2019-07-17,0,5,0,0,10,0,4,0,0,0,0,0,3,3,0,21,2,18
2019-07-18,0,0,11,1,1,0,0,0,0,0,0,2,3,0,2,23,6,12
2019-07-19,14,18,10,4,12,1,0,0,0,0,3,0,0,0,2,11,3,18
2019-07-22,10,4,0,9,6,31,0,2,0,0,0,0,0,0,1,13,4,11
2019-07-23,0,9,0,13,5,4,0,3,0,0,0,0,1,0,1,10,0,13
2019-07-24,10,0,0,0,0,0,7,0,0,0,3,0,0,0,0,6,0,10
2019-07-25,0,0,0,1,0,0,3,3,0,0,1,0,0,0,0,7,3,7
2019-07-26,0,0,0,0,0,2,2,1,0,0,0,3,0,1,0,1,0,4
2019-07-29,0,0,0,0,4,11,0,0,0,0,1,0,0,0,0,19,3,6
2019-07-30,0,0,0,5,4,6,4,0,0,0,0,9,0,8,0,15,3,39
2019-07-31,0,0,7,0,0,16,1,0,0,0,0,0,0,0,0,7,4,13
2019-08-01,0,8,0,17,0,10,7,0,0,0,1,0,0,0,1,24,0,29
2019-08-02,0,24,4,0,0,3,0,0,0,0,0,0,0,0,1,7,0,5
2019-08-05,0,0,6,0,2,0,0,0,0,0,0,0,2,0,1,19,7,16
2019-08-06,0,4,0,6,0,16,0,0,0,0,0,0,0,0,1,34,8,15
2019-08-07,0,3,4,0,6,12,0,0,0,0,1,0,0,0,1,6,6,21
2019-08-08,0,0,8,4,2,2,6,1,0,0,6,0,0,5,1,23,4,15
2019-08-09,0,0,0,3,5,4,0,0,0,0,0,0,0,0,0,12,0,11
2019-08-12,0,11,2,0,0,7,2,2,0,0,0,4,1,0,2,13,0,8
2019-08-13,0,4,0,9,0,16,2,0,0,0,0,11,1,0,2,18,3,17
2019-08-14,11,0,0,0,0,0,4,0,0,0,0,0,0,0,1,23,0,26
2019-08-15,0,4,5,6,9,10,0,0,0,0,2,0,0,1,2,13,0,16
2019-08-16,0,4,6,0,13,0,0,0,0,0,0,0,0,0,2,13,1,11
2019-08-19,0,0,14,0,0,1,4,3,0,0,3,2,0,0,1,15,3,37
2019-08-20,2,14,7,5,2,6,7,0,0,0,1,0,6,0,3,16,0,20
2019-08-21,5,8,17,0,4,0,0,0,0,0,0,4,0,1,4,29,0,17
2019-08-22,6,0,0,2,8,5,0,0,0,0,0,1,0,0,1,21,0,17
2019-08-23,0,0,0,12,8,7,7,0,0,0,0,0,3,0,0,11,0,3
2019-08-26,2,4,6,2,0,7,0,0,0,0,0,0,0,3,0,34,0,0
2019-08-27,0,13,0,0,6,5,0,3,0,0,1,2,1,0,0,7,3,25
2019-08-28,34,5,2,0,6,0,0,0,0,0,0,0,2,0,2,24,0,9
2019-08-29,0,7,0,0,0,0,3,0,0,0,3,0,1,2,1,13,0,10
2019-08-30,0,0,0,0,0,0,0,0,0,0,0,0,0,0,0,18,0,0
2019-09-03,0,19,3,2,19,5,6,0,0,0,0,0,0,1,0,16,2,7
2019-09-04,12,0,0,0,0,1,2,0,0,0,0,0,2,2,0,10,4,12
2019-09-05,0,0,18,6,7,8,4,0,0,3,0,0,0,6,0,19,3,24
2019-09-06,0,12,2,0,0,4,0,0,0,0,0,0,0,0,0,7,3,16
2019-09-09,10,0,10,8,0,0,2,3,0,0,0,3,0,0,2,17,2,6
2019-09-10,0,9,5,7,23,5,5,0,0,0,0,0,0,0,0,24,3,17
2019-09-11,0,0,6,0,3,0,3,0,0,0,0,0,5,0,0,15,0,11
2019-09-12,4,0,4,3,0,2,0,0,0,0,0,0,0,0,1,10,0,24
2019-09-13,0,0,0,0,0,0,0,0,0,0,0,0,0,0,0,0,0,2
2019-09-16,1,0,1,0,4,5,0,9,0,0,3,0,0,1,0,13,0,6
2019-09-17,0,0,6,6,0,6,0,0,0,0,15,0,0,3,3,19,4,15
2019-09-18,0,3,0,3,0,5,5,0,0,0,0,0,5,3,6,6,4,6
2019-09-19,0,0,0,10,0,4,1,0,0,0,0,0,0,3,0,10,0,33
2019-09-20,0,17,0,7,0,2,4,0,0,0,0,0,0,0,1,5,1,9
2019-09-23,0,5,0,0,17,0,5,0,0,0,2,0,0,0,0,21,4,16
2019-09-24,0,0,0,0,4,5,0,0,0,0,0,0,0,0,0,25,7,25
2019-09-25,0,0,0,0,0,1,0,0,0,0,0,2,8,0,2,16,1,11
2019-09-26,0,0,0,5,3,0,2,2,0,0,0,0,0,0,1,16,1,7
2019-09-27,0,2,7,0,8,6,2,3,0,0,0,0,5,0,0,11,0,10
2019-09-30,0,9,0,3,0,1,0,4,0,0,2,0,0,0,2,9,9,13
2019-10-01,15,0,3,4,4,6,4,0,0,0,0,0,0,1,0,16,0,36
2019-10-02,0,2,5,5,0,0,1,2,0,0,0,0,0,0,0,23,1,27
2019-10-03,0,26,0,9,0,3,0,3,0,1,3,0,1,0,0,13,3,15
2019-10-04,4,0,8,0,5,11,2,0,0,0,3,0,0,6,0,8,0,14
2019-10-07,0,0,2,0,10,0,13,0,0,0,0,0,0,0,1,20,5,18
2019-10-08,0,11,0,0,12,6,3,2,0,0,1,0,0,0,0,18,0,16
2019-10-09,0,0,2,8,0,0,3,0,0,0,2,0,0,2,0,14,0,15
2019-10-10,0,6,0,0,0,1,2,0,0,0,0,0,1,0,0,18,4,27
2019-10-11,0,0,0,0,0,0,0,0,0,0,1,0,1,0,0,2,0,1
2019-10-15,0,0,3,3,2,11,0,3,0,3,1,0,0,0,0,51,3,14
2019-10-16,0,7,2,6,7,0,0,0,0,0,0,0,0,2,3,13,0,24
2019-10-17,3,0,0,4,0,0,3,0,0,0,0,0,0,14,2,21,7,21
2019-10-18,0,10,6,0,6,11,7,0,0,0,0,0,0,4,0,6,2,3
2019-10-21,7,4,0,0,10,7,8,0,0,0,0,0,0,0,3,20,8,15
2019-10-22,0,2,4,0,0,6,6,0,0,0,3,0,0,2,0,5,3,50
2019-10-23,0,15,0,6,0,20,2,2,0,0,0,0,0,0,2,16,0,21
2019-10-24,0,0,0,9,0,4,3,0,0,0,0,2,2,0,1,17,4,11
2019-10-25,0,0,12,11,0,0,15,0,0,0,0,0,0,0,2,4,0,8
2019-10-28,0,0,3,0,7,5,4,0,0,0,0,0,0,0,0,29,5,5
2019-10-29,0,8,20,6,0,8,4,0,0,0,0,0,9,0,1,27,4,23
2019-10-30,5,8,0,0,4,3,0,0,0,0,0,0,1,0,2,10,4,31
2019-10-31,12,0,0,0,5,2,0,0,0,0,0,0,3,0,6,19,4,3
2019-11-01,13,0,0,2,7,0,0,0,0,0,0,0,1,0,1,5,1,13
2019-11-04,1,6,0,0,4,6,2,0,0,0,0,0,0,4,0,6,1,14
2019-11-05,0,14,6,0,0,4,0,0,0,0,0,0,0,3,1,26,1,10
2019-11-06,0,4,2,23,0,0,19,0,0,0,0,0,0,0,0,26,4,32
2019-11-07,0,0,2,3,4,0,0,0,0,0,0,3,2,0,5,11,0,12
2019-11-08,0,6,2,0,18,4,1,0,0,0,0,2,0,0,1,0,0,15
2019-11-12,0,0,0,6,2,5,0,0,0,0,0,3,2,2,0,32,4,10
